OKC,OK
"Armonk, New York",NY
Schenectady,NY
Houston,Texas
Austin,Texas
EUREKA,California
Dallas,TX
San Jose,CA
New York,NY
Amsterdam,Noord-Holland
Basking Ridge,NJ
Walldorf,BW
London,England
Cincinnati,Ohio
Charlotte,NC
Miami Lakes,FL
Fort Liberty,NC
San Francisco,California
Baltimore,Maryland
Blackfriars,London
San Mateo,CA
Frankfurt am Main,Hessen
Purchase,NY
South Bend,Indiana
Blue Bell,Pennsylvania
Bangalore,Karnataka
Sunnyvale,CA
Boston,MA
Wright-Patterson AFB,OH
Mumbai,Maharashtra
Norwalk,Connecticut
Arlington,VA
Bellevue,WA
Seattle,WA
St. Louis,MO
Brentford,Middlesex
Toronto,ON
McLean,VA
Basel,Baselstadt
Falls Church,VA
Montreal,Quebec
Cambridge,Cambridgeshire
Mountain View,CA
Redwood City,CA
Roseland,New Jersey
Detroit,Michigan
Dearborn,Michigan
Rahway,New Jersey
Cary,NC
Morristown,New Jersey
Santa Clara,California
Lexington,MA
Abbott Park,Illinois
Greater Chicago Area,IL
Minneapolis,MN
Atlanta,GA
Chesterfield,MO
Oakland,California
Reston,VA
Palo Alto,California
Marlborough,MA
Indianapolis,Indiana
Coraopolis,Pennsylvania
Memphis,Tennessee
Teaneck,New Jersey
Menlo Park,CA
Philadelphia,PA
Noida,Uttar Pradesh
Lawrence Township,NJ
Stanford,CA
Milwaukee,Wisconsin
New York City,NY
Englewood Cliffs,NJ
Newark,New Jersey
Irving,Texas
Fairfax,VA
Zurich,Zurich
Utrecht,Utrecht
Vancouver,British Columbia
San Diego,CA
Denver,CO
Beaverton,OR
Stamford,CT
Los Angeles,California
Plano,TX
Parsippany,NJ
Hanover,MD
Dublin,OH
San Ramon,CA
Melville,NY
Winston-Salem,NC
Cork,Ireland
Columbus,Ohio
Irvine,CA
South San Francisco,California
Chandler,Arizona
Troy,Michigan
Bethesda,MD
Diemen,Noord-Holland
Rueil Malmaison,Paris
Bloomington,Illinois
Louisville,KY
Schaumburg,IL
Hartford,CT
Ann Arbor,mi
Berkeley,CA
Saint-Mandé,Île-de-France
Costa Mesa,CA
Midland,Michigan
Manchester,NH
Peachtree City,Georgia
Bentonville,Arkansas
Champaign,IL
Sacramento,CA
Wayzata,Minnesota
Waterloo,ON
Milpitas,California
Montréal,Québec
Conway,Arkansas
Delft,Zuid-Holland
Bayport,Minnesota
Davis,California
Fremont,CA
Aliso Viejo,CA
Salem,Massachusetts
Boise,Idaho
Malvern,Pennsylvania
North Reading,MA
Courbevoie,Île-de-France
Solon,OH
Worcester,MA
Washington,DC
Santa Monica,California
Reno,NV
Pittsburgh,PA
Pune,Maharashtra
Tampa,Fl
San Carlos,CA
Franklin Lakes,New Jersey
Waltham,Massachusetts
Woking,England
Jacksonville,FL
Davidson,North Carolina
Valley Forge,PA
Evanston,IL
El Segundo,California
Ingelheim am Rhein,Rhineland-Palatinate
Woodland Hills,CA
Cleveland ,Ohio
The Hague,South Holland
Mayfield Village,OH
Mentor,Ohio
Vernon Hills,IL
Providence,RI
Fort Worth,Texas
Haslet,Texas
Fort Lauderdale,FL
Brookfield,Wisconsin
Bozeman,Montana
Wilmington,MA
Addlestone,Weybridge
Omaha,Nebraska
Sydney,NSW
Amherst,New York
Windsor,Berkshire
Germantown,MD
Hatfield,Hertfordshire
Deerfield,IL
Nashville,TN
Springfield,Massachusetts
Fort Mill,SC
College Park,MD
Tysons Corner,VA
Hershey,PA
Kansas City,MO
Corning,New York
Friedrichshafen,Baden-Württemberg
Herzogenaurach,Bavaria
Chapel Hill,NC
Laval,Québec
Raleigh,North Carolina
Boulder,Colorado
Chiyoda-ku,Tokyo
Lake Forest,Illinois
Akron,OH
Provo,UT
Durham,North Carolina
Nanterre,Île-de-France
Torrance,CA
Madison,WI
Geneva,Geneva
Mooresville,NC
Trexlertown,PA
Oslo,Oslo
St. Petersburg,Florida
Lebanon,Tn
Greenwood Village,Colorado
Birmingham,Alabama
Rochester,NY
Tempe,AZ
Englewood,CO
Charlottesville,Virginia
Radnor,PA
Bonita Springs,FL
Estero,FL
Des Moines,Iowa
Duluth,Georgia
Orange,California
Bedford,MA
Miami,FL
Mascot,NSW
Camden,NJ
College Station,TX
Cleveland,OH
Salt Lake City,UT
St. Paul,MN
Richland,WA
Addison,Texas
Northbrook,Illinois
Hoboken,New Jersey
Glen Allen,VA
Vernier,Geneva
Oaks,PA
St Petersburg,Florida
Bilbao,Vizcaya
Chantilly,Virginia
Exton,PA
Newtown,PA
Livermore,CA
Meyrin,CH
Mason,OH
Lund,Skane County
Weybridge,Surrey
Maumee,Ohio
XiZhi District,New Taipei City
Lisle,IL
Framingham,MA
Southborough,MA
Little Rock,AR
Bridgewater,NJ
Dresher,PA
Bjerringbro,Middle Jutland
San Antonio,Texas
Elmhurst,Illinois
Toledo,OH
Los Alamos,NM
Merrimack,NH
Santa Barbara,CA
Columbia,MO
Herndon,Virginia
Portland,Oregon
Neenah,WI
Richmond,VA
Kohler,Wisconsin
Westminster,Colorado
Broomfield,CO
Menomonee Falls,Wisconsin
Westchester,IL
Reading,Pennsylvania
Carlsbad,CA
Research Triangle Park,NC
Hoffman Estates,IL
Shoreview,MN
Knoxville,TN
Andover,Massachusetts
Lincoln,NE
Lancaster,PA
Marysville,Ohio
Dodgeville,WI
Glendale,CA
Folsom,CA
Valhalla,New York
Marshall,Minnesota
Stillwater,OK
Calabasas,CA
"Hinjawadi, Pune",Maharashtra
Mississauga,Ontario
Warsaw,Indiana
Denton,Tx
Maywood,IL
Mechanicsburg,PA
Rolling Meadows,IL
Niles,IL
Casellina di Scandicci,Florence
Kent,Ohio
Beverly Hills,California
Nutley,NJ
Libertyville,Illinois
Calgary,AB
Port Washington,New York
Morgantown,WV
New Orleans,LA
Oklahoma City,Oklahoma
Orlando,FL
South Brisbane,Queensland
Jersey City,NJ
New Berlin,WI
Lakeland,Florida
Croydon,London
Hartsville,SC
Lynnwood,Washington
Melbourne,VIC
Fort Collins,CO
Daytona Beach,Florida
Foothill Ranch,CA
Liberty Lake,Washington
Richardson,TX
Freeport,Maine
North Canton,OH
San Rafael,California
N Logan,UT
Auburn Hills,Michigan
Westbrook,Maine
Ft. Lauderdale,FL
Oak Ridge,TN
Wickliffe,Ohio
Jefferson City,Missouri
Chanhassen,MN
Del Mar,California
Las Vegas,NV
Berwyn,PA
Ogden,Utah
Wayne,PA
Hyderabad,TS
Goodlettsville,TN
Brighton,MA
Hingham,MA
Los Angeles ,California
Bolton,ON
Gaithersburg,MD
Singapore,Singapore
Westlake Village,CA
Marseille,Provence-Alpes-Cote d'Azur
Naperville,IL
Jericho,New York
Billerica,MA
Savannah,Ga
"Marylebone, London",England
Chicago ,IL 
Amsterdam ,North Holland
Downers Grove,IL
Green Bay,Wisconsin
Hillsboro,OR
Watertown,MA
Long Beach,CA
Southfield,Michigan
Coopersburg,PA
Albuquerque,NM
Hsinchu,Taiwan
Medina,Minnesota
St Louis,MO
Boca Raton,fl
Maryland Heights,Missouri
Dalton,GA
Essen ,North Rhine-Westphalia 
Phoenix,Arizona
North Ryde,NSW
Fargo,ND
Overland Park,KS
Olathe,KS
Northfield,IL
Holzminden,Lower Saxony
Catonsville,MD
Glenview,IL
Lynchburg,VA
Topeka,KS
Saint Louis,MO
Alexandria,VA
Colorado Springs,Colorado
Pella,IA
Brea,California
Peachtree Corners,Georgia
Franklin,TN
Spring,Texas
Chestnut Ridge,NY
Allentown,PA
Bala-Cynwyd,Pennsylvania
Dover,DE
Merrillville,IN
Milano,MI
Itasca,Illinois
McKinney ,Texas 
Groot-Bijgaarden,Brussels
Valcourt,QC
Clearwater,Florida
Scottsdale,Arizona
Annapolis Junction,MD
Shelton,CT
Conshohocken,PA
Chattanooga,TN
Solihull,West Midlands
San Pedro Garza García,Nuevo León
Orrville,Ohio
Horsforth,Leeds
Rockville,Maryland
Evansville,IN
Mount Laurel,New Jersey
Brentwood,Tennessee
Burlington,NJ
Golden,CO
Graz,Styria
Craigavon,County Armagh
Zamudio,Vizcaya
Vienna,VA
Tallahassee,FL
Keene,NH
Grapevine,Texas
New York ,New York
La Jolla,California
Hollywood,Florida
Middleboro-Lakeville,Massachusetts
St George,UT
Monroe,MI
Fontana,California
Idaho Falls,ID
Rosemont,IL
Stevens Point,WI
Plymouth Meeting,PA
Watsonville,California
Greeley,Colorado
Pleasant Prairie,WI
Worthington,Ohio
Sparks,NV
Sidney,Nebraska
Laramie,wy
Towson,Maryland
Danbury,Connecticut
Fountain Valley,CA
Woodridge,IL
Tacoma,WA
Medford,Massachusetts
Racine,WI
Temple,Texas
Thousand Oaks,CA
Manhattan Beach,California
Victor,NY
Tarrytown,New York
Villanova,PA
Delaware,Ohio
Sarasota,FL
San Bernardino,California
Oak Brook,Illinois
Fort Smith,Arkansas
Williamstown,MA
Eagan,MN
Findlay,Ohio
Loveland,Colorado
Bolingbrook,Illinois
Greensboro,North Carolina
Charleston,sc
Limelette,Walloon Region
San Marcos,ca
Kingsey Falls,Québec
Hoover,Alabama
Bronx,New York
West Orange,New Jersey
Norwell,MA
Pasadena,CA
City of Industry,California
Holmdel,NJ
Woodbridge Township,New Jersey
Belmont,MA
Branchville,NJ
Lenexa,KS
Coral Gables,Florida
Buffalo,NY
Glen Ellyn,IL
King of Prussia,Pennsylvania
Lubbock,Texas
Campbell,CA
Millersville,MD
Novi,Michigan
Harrison,NY
Tucson,AZ
Pullman,WA
Danvers,MA
Wheaton,IL
Edmonton,Alberta
West Hills,CA
Somerville,New Jersey
Galveston,Texas
Woodcliff Lake,NJ
Oberlin,OH
Owosso,MI
Nagaokakyo-shi,Kyoto
Concord,California
Plainsboro,New Jersey
West Chester,PA
Sant Cugat del Vallès,Barcelona
Diamond Bar,California
Princeton,New Jersey
Pullach,Bayern
Hannover,Lower Saxony
Pleasanton,California
Burgos,Spain
Honolulu,Hawaii
McConnellsburg,PA
Rancho Santa Margarita,CA
Owatonna,MN
Carmel,IN
Dayton,OH
Newport Beach,CA
Rosemead,California
New Hope,MN
South Jordan,Utah
Waukesha,WI
Highlands Ranch,Colorado
Oakville,Ontario
New Bremen,OH
Colmar,Pennsylvania
Edison,New Jersey
Quesnel,BC
Portsmouth,New Hampshire
Plymouth,NH
Walnut Creek,California
Riverdale,NY
Matthews,North Carolina
Annapolis,Maryland
Carson,CA
Monterey,CA
Tulsa,Oklahoma
Kennett Square,PA
Glenside,PA
Newstead,QLD
Beaumont,TX
Horsham,PA
Georgetown,TX
Bloomfield Hills,Michigan
Little Ferry,NJ
Norcross,Georgia
Farmington Hills,MI
Boone,NC
Aurora,il
Mobile,AL
Eighty Four,PA
Rock Island,Illinois
Foxborough,Massachusetts
Coralville,IA
Garden Grove,California
Maple Grove,MN
Harahan,Louisiana
Bothell,Washington
Easton,PA
Lynwood,CA
Lewisville,TX
Natick,Massachusetts
Lafayette,Indiana
Agoura Hills,California
Warroad,MN
Genève,Switzerland
Wakefield,MA
St. Charles,MO
Seffner,FL
Alpharetta,GA
River Grove,Illinois
Hatboro,Pennsylvania
Kettering,OH
Sandy,Utah
Lincolnshire,IL
Loma Linda,CA
Center City,Minnesota
North Syracuse,New York
Bethlehem,PA
Saint Paul,Minnesota
Paramus,New Jersey
Carrollton,GA
Valencia,CA
"Waltham, MA","Plymouth Meeting, PA, "
Sterling,VA
New Castle,DE
Williamsburg,VA
Metairie,LA
Greensburg,Pennsylvania
Peoria,IL
Neuilly-sur-Seine,Île-de-France
Goshen,NY
Monmouth,OR
Sheboygan Falls,Wisconsin
Acton,Massachusetts
Harrisburg,PA
Silver Spring,MD
Fulton,MD
Mansfield,TX
Charles Town,wv
Egg Harbor Township,NJ
Brockton,MA
Waco,Texas
City of London,England
Newton,MA
Chennai,Tamil Nadu
Jessup,Maryland
Virginia Beach,VA
Palm Beach,FL
Pierre,SD
New Jersey,NJ
Long Island City,NY
Enon,OH
Hicksville,New York
Kalamazoo,MI
West Palm Beach,Florida
Anaheim,California
Hartland,WI
Ball Ground,Georgia
Elkhart,Indiana
New Albany,Ohio
Hunt Valley,Maryland
Newport News,Virginia
Sioux Falls,SD
San Clemente,CA
Corpus Christi,Texas
Westlake,Texas
Brooklyn,New York
Novato,CA
Greenville,South Carolina
York,PA
Elgin,IL
Lawrenceville,GA
Livonia,MI
Florham Park,NJ
South Royalton,VT
Sunrise,FL
Fort Wayne,IN
Santa Ana,CA
Fort Myers,Florida
Edina,Minnesota
Gardendale,AL
Warminster,PA
Maryville,TN
West Des Moines,IA
Fresno,California
Mount Pleasant,SC
Wellesley Hills,Massachusetts
Redmond,WA
West Mifflin,Pennsylvania
Baton Rouge,LA
Madrid,Community of Madrid
Greenbelt,MD
Corvallis,Oregon
Arnsberg,Nordrhein-Westfalen
Oakbrook Terrace,IL
Gloucester,Massachusetts
Coronado,CA
Northampton,Massachusetts
Fruitland,Idaho
Buena Park,California
Edgewood,KY
Smithfield,Virginia
Hudson,WI
Montpelier,VT
Stow,Ohio
Saint-Laurent ,Quebec
Milledgeville,GA
Moorestown,New Jersey
Amarillo,TX
Southingon,CT
Lowell,MA
Leesburg,Virginia
West Columbia,South Carolina
Middletown,CT
Eden Prairie,MN
Bethpage,NY
Somerset,New Jersey
New Haven,CT
Media,PA
Leeꞌs Summit,Missouri
Augusta,GA
Tallassee,AL
Cherry Hill,New Jersey
Grand Rapids,Michigan
Jackson,MS
Kirkland,WA
Prior Lake,MN
Wichita,Kansas
Greenwood,Mississippi
Commerce,CA
Palm Beach Gardens,FL
Farmington,CT
Cedar Rapids,Iowa
Goleta,CA
Westmont,IL
Fort Washington,PA
Sylvania,Ohio
Hailey,ID
Appleton,WI
Reykjavik,Iceland
Roanoke,IN
Thomasville,GA
Huntsville,Alabama
Kennesaw,GA
Homestead,PA
Clear Lake,IA
Richfield,OH
Batavia,Ohio
Denville,NJ
Johns Creek,GA
La Canada,CA
Naples,Florida
Downey,CA
Fredericksburg,VA
Secaucus,NJ
Whitehall,OH
Lombard,IL
Westborough,MA
Bakersfield,CA
White Plains,New York
North Adams,ma
Baar,ZG
Oakton,VA
Stuart,Florida
Kings Langley,Hertfordshire
Lansing,MI
Wyomissing,PA
The Woodlands,Texas
Köln,Nordrhein Westfalen
Solna,Stockholm
Notre Dame,IN
West Hartford,CT
"San Dimas, CA 91773",CA
Great Neck,New York
Riceboro,Georgia
Morrisville,NC
Satigny - Geneva,Geneva
Souderton,PA
Henderson,NV
Albany,New York
Morton,Illinois
Union,NJ
Stonehouse,Gloucestershire
Wausau,WI
Farmers Branch ,TX
Broadview Heights,OH
Greeneville,Tennessee
Sycamore,Illinois
Lake Ronkonkoma,NY
Crowborough,East Sussex
Islandia,New York
Vadodara,Gujarat
Walton Hills,Ohio
Rapid City,South Dakota
Emeryville,California
Augsburg,Bavaria
Taunton,MA
HOUSTON,TX
Sugar Land,Texas
Franklin Park,IL
Frisco,Texas
Beloit,WI
Hickory,North Carolina
Seguin,Texas
Anchorage,AK
Cerritos,CA
Bryn Mawr,PA
Longmont,Colorado
South Sioux City,NE
Claremont,CA
McClellan,California
Juneau,AK
Cranberry Township,PA
Wixom,Michigan
Shaker Heights,Ohio
Garner,North Carolina
McKinney,Texas
Hilmar,CA
Lunenburg,NS
Lawrence,MA
Burbank,CA
St. Cloud,MN
Sparkill,New York
New Lenox,Illinois
Cranbury,New Jersey
Huntington Beach,CA
Fairview Park,Ohio
Harlingen,TX
Grand Forks,ND
East Dubuque,IL
Sausalito,CA
Fairfield,Iowa
Duncan,South Carolina
Sheboygan,WI
St Joseph,MI
Westerville,Ohio
Tigard,OR
Delano,CA
Welch,Minnesota
Hampton,VA
San Fernando,CA
Enterprise,AL
Van Nuys,California
Loudon,TN
Pierceton,Indiana
West Sacramento,CA
Sophia Antipolis - Valbonne,Provence-Alpes-Côte d'Azur
Avalon,California
Redding,California
Piscataway,New Jersey
Enkhuizen,Noord-Holland
La Vergne,TN
Maitland,FL
Saxonburg,PENNSYLVANIA
Coconut Creek,Florida
Exeter,New Hampshire
Norfolk,VA
Ottawa,ON
Southampton,Hampshire
Middleton,WI
Hightstown,NJ
Woodinville,Washington
Bath,England
Ridgefield,CT 
Plainville,CT
Winchester,VA
Ithaca,New York
Dublin 4,Dublin
Chino Hills,California
Rockville Centre,NY
Carneys Point,NJ
Weslaco,Texas
Barcelona,Spain
Greenwich,CT
Rockford,IL
Reggello,FI
Sykesville,Maryland
Middleburg Heights,OH
East Brunswick,NJ
Northville,Michigan
Bismarck,North Dakota
Pendleton,OR
Pinellas Park,Florida
Burnaby,British Columbia
Clackamas,OR
 Schwäbisch Hall ,Baden-Württemberg
Gardena,California
Irmo,SC
Woburn,MA
Elmwood Park,NJ
Waterford,MI
Marathon,Wisconsin
West Grove,PA
WASHINGTON,District of Columbia
Sammamish,WA
Poughkeepsie,NY
Holland,Ohio
Camp Hill,Pa
Studio City,CA
Dodge Center,MN
Porcari,Lucca
Bloomfield,New York
Siloam Springs,Arkansas
Falmouth,Cornwall
Scranton,PA
Minnetonka,MN
Meridian,ID
Beaver,PA
Sherwood,Arkansas
Milton,Queensland
Coral Springs,FL
Coos Bay,OR
Miamisburg,Ohio
Cooper City,Florida
Essex Junction,VT
Crawley,West Sussex
Erie,Pennsylvania
Upper Saddle River,NJ
Selby,North Yorkshire
San Marino,CA
Truckee,California
Rocky Hill,Connecticut
Gainesville,Georgia
Wenatchee,Washington
Norwich,CT
Glastonbury,CT
Preston,Washington
Gratz,PA
Mineola,NY
Cypress,California
Payson,UT
Highland,UT
Hauppauge,New York
Clifton Park,New York
Chino,California
Mt Horeb,WI
East Perth,Western Australia
Selma,Alabama
Chamblee,Georgia
Riviera Beach,FL
King of Prussia ,PA 
Poway,CA
Asheville,North Carolina
South Burlington,Vermont
Prattville,Alabama
North Hollywood,CA
Millsboro,Delaware
Garden City,NY
Woonsocket,RI
Brampton,ON
Wallingford,Oxfordshire
Roseville,MN
Greer,South Carolina
Ruston,Louisiana
Mattawan,MI
Bainbridge Island,WA
Ashburn,Virginia
Minato-ku,Tokyo
Chevy Chase,MD
Rock Hill,SC
Navi Mumbai,Maharashtra
Cupertino,California
Lemont,IL
Arcadia,WI
Almere,Flevoland
Walla Walla,Washington
Marcy-l'Étoile,Auvergne-Rhône-Alpes
Ellensburg,wa
Duarte,CA
Pratteln,Basel-Country
Bois-Colombes,Paris Area
Tinton Falls,NJ
Alameda,California
Riverside,CA
Kingsport,Tennessee
Verona,WI
Commack,NY
Chesapeake,Virginia
Suwanee,GA
Oradell,NJ
Los Gatos,CA
Arcata,CA
Lake Success,NY
Heerbrugg,St. Gallen
100 Bishopsgate,London
Palau Solità i Plegamans,Barcelona
20+ Locations,Worldwide
Calhoun,Georgia
East Aurora,NY
Pfäffikon,SZ
Center Valley,Pennsylvania
Canton,Massachusetts
Oshkosh,Wisconsin
pasadena,ca
Salisbury,MD
Azusa,California
Corte Madera,CA
Shenzhen,Guangdong
79409,tx
Frederick,MD
Springdale,AR
Hayward,CA
Renton,WA
Blacksburg,VA
Heidenheim an der Brenz,BW
Lehi,Utah
Culver City,CA
Sheldon,IA
Carbondale,PA
Altrincham,England
Wood Dale,IL
Southlake,TX
Jasper,Indiana
Langhorne,PA
Olympia,WA
Coeur d'​ Alene,Idaho
Lakewood,Colorado
North Andover,MA
North Mankato,MN
La Crosse,Wisconsin
Crestwood,KY
Weymouth,MA
Woodbridge,VA
Dunkirk,MD
Perrysburg,OH
Arvada,CO
Inglewood,CA
Montoursville,Pennsylvania
East Syracuse,NY
Flagstaff,AZ
Capability Green,Luton
Malta,NY
Ahmedabad,Gujarat
Mission Viejo,California
Montvale,New Jersey
Shanghai,Shanghai
Covington,La
Eau Claire,WI
Owings Mills,MD
Tuscaloosa,Al
Warwick,RI
Düsseldorf,North Rhine-Westphalia
Park City,UT
Largo,FL
Glasgow,Scotland
Poole,England
Trenton,NJ
Smyrna,Georgia
Littleton,NH
Juno Beach,FL
Meadville,PA
Summerville,South Carolina
Byron,IL
Gurugram,Haryana
Simi Valley,CA-California
Wimbledon,London
Sayreville,NJ
Mequon,Wisconsin
Cape Coral,Florida
Everett,WA
Endwell,New York
Lake Oswego,Oregon
Eunice,NM
Maple Plain,MN
SAINT PAUL,Minnesota
Malmö,Skane
Guelph,Ontario
Saint-Hubert,Quebec
Elk Grove,California
Western Springs,Illinois
Cheshire,CT
Greenfield,IN
St. Augustine,FL
Nashville-Davidson,TN
Tanner,Alabama
Manassas,VA
Pontiac,Michigan
Traverse City,Michigan
Groveport,OH
Sayre,PA
Pompano Beach,FL
N. Charleston,SC
Kingston,NY
Trivandrum,Kerala
South Plainfield,NJ
Smithtown,NY
Decatur,GA
Tupelo,MS
Coatesville,PA
Kenai,AK
East Windsor,New Jersey
Uzwil,St. Gallen
Monterey Park,CA
Carson City,Nevada
New Braunfels,TX
Delray Beach,Florida
Bad Homburg,Frankfurt
North Little Rock,Arkansas
Issaquah,WA
Teddington,Middlesex
Ontario,New York
Spring Lake,NC
Ellisville,MO
Wilmslow,Cheshire
Skokie,IL
Round Rock,Texas
Gaithersburg ,MD
Missoula,MT
Pembroke Pines,Florida
Saint-Quentin-en Yvelines,Yvelines
Neptune City,NJ
Stratford,CT
Rego Park,NY
 La Crosse,Wisconsin
La Palma,CA
Wheeling,Illinois
Spartanburg,South Carolina
Clive,Iowa
Woodstock,GA
Deerfield Beach,Florida
Florence,Kentucky
Opelousas,LA
Warren,OH
FAIRVIEW,OR
Mill Valley,California
Allschwil,Basel-Country
Bay Minette,AL
Quincy,MA
Morgan Hill,Ca
Lanham,MD
Basalt,CO
Three Chopt,Virginia
Conroe,Texas
Deer Park,Texas
Pembroke,Bermuda
Wickenburg,AZ
Prairie Village,KS
Abilene,TX
Inverness,Florida
Anderson,IN
Mission,TX
Helotes,Texas
Milford,Delaware
Gilroy,CA
New Canaan,CT
Santa Rosa,CA
Wisconsin Dells,Wi
Berlin,Berlin
Walsenburg,Colorado
Sussex,WI
Spokane,Washington
Rio Rancho,NM
Salford,Manchester
Villorba,TV
Dakota,IL
Beverly,Massachusetts
Louvain-la-Neuve,Walloon Region
Braintree,MA
Minden,Nevada
Paris La Défense,IDF
Ventura,California
Quakertown,PA
Cordova,Tennessee
Cheltenham,Gloucestershire
Laguna Hills,CA
Clerkenwell,England
North Brunswick,NJ
Durant,OK
Collingswood,New Jersey
Marion,IL
Jiangsu,Changzhou
Lorton,VA
Coplay,PA
Wilton,CT
Oviedo,FL
Warrenville,IL
Davenport,Iowa
Migdal Haemek,Israel
Buford,Georgia
Slidell,LA
Dania Beach,FL
Weddington,NC
LOS ALTOS,CA
 Albuquerque,NM
Barberton,OH
Fishers,Indiana
Berkeley Heights,NJ
Wrentham,MA
Gland,Vaud
Peapack-Gladstone,NJ
Hollister,California
Rutland,Vermont
Ashland,Virginia
Reykjavík,Capital Region
Lake Worth,FL
Sturbridge,Massachusetts
Clinton Township,MI
Ridgewood,NJ
Winterville,NC
Takoma Park,Maryland
Henrico,Virginia
Monterrey,Nuevo León
Forney,TX
New Britain,CT
Bridgeview,IL
West Chicago,IL
Midvale,Utah
Bartow,Florida
Katy,Texas
Marlton,NJ
Elliston,VA
Westfield,Pennsylvania
Auckland,Auckland
Saskatoon,SK
Saint Cloud,MN
Upper Marlboro,MD
Layton,UT
Syracuse,NY
Walton,KY
Brightwaters,NY
Needham,MA
Arlington Heights,Illinois
Ankeny,IA
Gulfport,Ms.
Monmouth Junction,New Jersey
Karben,Hesse
Corona,California
Fullerton,CA
Cheyenne,WY
Peabody,MA
Hawthorne,New York
Chestnut Hill,MA
Fidenza,Parma
Hot Springs,AR
Port St Lucie,Florida
Apopka,Florida
Lacey,WA
Oldsmar,Florida
West Fargo,ND
St. Marys,OH
Grandville,MI
Niskayuna,NY
Paso Robles,CA
Bridgman,MI
Hefei,Anhui
Mahwah,NJ
Big Rapids,Michigan
Cutler Bay,FL
Holliston,MA
La Farge,WI
Brooksville,FL
Philadelphia   ,PA
Getzville,New York
Urbandale,Iowa
Saint John,New Brunswick
West Point,GA
Eugene,Oregon
Depew,New York
Panama City,Florida
Bellows Falls,VT
Newburgh,IN
Kissimmee,Florida
Warrendale,Pennsylvania
Lewes,Delaware
Rochester Hills,MI
cohasset,MA
Binghamton,NY
Greenbrae,CA
Holly,MI
Winter Park,FL
Thornville,Ohio
De Forest,Wisconsin
Yardley,PA
Robbinsville,New Jersey
Waconia,MN
Marina del Rey,CA
Glattbrugg,Zürich
Cuyahoga Falls,OH
Oregon City,OR
Camarillo,CA
Broomall,PA
Quebec City,Quebec
Yongin-si,Gyeonggi-do
Mesa,Arizona
Rochelle Park,New Jersey
Iselin,New Jersey
Archbold,Ohio
Los Alamitos,California
Carol Stream,IL
San Pablo,CA
Coeur d'Alene,ID
Hastings,MI
Lake Charles,LA
Aiken,South Carolina
San Juan,PR
Clarkston,MI
Bluffton,South Carolina
Mundelein,Illinois
Murrieta,CA
Canada ,United States
Maspeth,New York
Montville,New Jersey
Odessa,Florida
Willow Grove,PA
Roswell,GA
El Dorado,Arkansas
Manhattan,New York
Borgomanero,NO
SOUTH SAN FRANCISCO,CA
Linden,New Jersey
Uniondale,New York
New Providence,New Jersey
Harrogate,North Yorkshire
Pleasant Hill,California
Winn,MI
Hercules,CA
Saint Augustine,FL
Shirley,England
Petaluma,CA
Harvey,IL
Montrose,Colorado
Browns Summit,North Carolina
Pascoag,RI
Albert City,Iowa
Roselle,Illinois
Willoughby,Ohio
Madison Heights,Michigan
Bridgeton,MO
Delphi,Indiana
Middle River,Maryland
Carlisle,PA
Chesterton,IN
Bellingham,wa
Claymont,Delaware
Hillside,NJ
Pittsfield,MA
Pickerington,Ohio
Danville,IL
Bellbrook,Ohio
Pewaukee,Wisconsin
Athens,GA
Collinsville,IL
Pataskala,OH
Bensalem,Pennsylvania
Elkhorn,NE
SARATOGA,CA
Santa Clarita,California
Camas,Washington
Hiawatha,Iowa
Delta,British Columbia
Bound Brook,New Jersey
Wake Forest,North Carolina
Thornton,Colorado
Watford,Herts
Butler,PA
Pascagoula,MS
Harleysville,Pennsylvania
Rancho Santa Fe,California
Brooklyn Park,Minnesota
St. Francisville,Louisiana
Shakopee,MN
Saline,MI
East Sandwich,Massachusetts
Mayville,WI
Vaughan,Ontario
Vallejo,California
Menomonie,WI
Dubai,Dubai
Victoria,BC
Golden Valley,Minnesota
Jamesburg,New Jersey
Devon,Pennsylvania
Temple Terrace,FL
San Juan Capistrano,California
Dorval,Quebec
Elm Grove,WI
Hillsborough,New Jersey
Port Charlotte,Florida
Freehold,New Jersey
Brownsville,Texas
Ridgeland,MS
Port Melbourne,Victoria
Stockton,CA
Nashua,NH
Stoutland,MO
Dongguan,Guangdong
Grand Haven,MI
Stilwell,KS
Southbury,CT
Laupheim,Baden-Württemberg
"New Bern, NC",United States (+1)
Plantation,Florida
Vittoria,Ontario
Valparaiso,Indiana
North Charleston,South Carolina
Carpentersville,Illinois
Tavares,Florida
Tucker,GA
Parkland,FL
Saddle Brook,NJ
Suffern,New York
Westford,MA
Tel Aviv,Israel
Caldwell,ID
District of Columbia,Washington
Burnsville,MN
Shreveport,Louisiana
Marietta,GA
Seal Beach,California
Sanford,Florida
Trinity,Florida
Sun City Center,FL
Delran,NJ
Yuba City,California
Randolph Air Force Base,Texas
Hummelstown,PA
ST PETERSBURG,FL
"Kohala Coast, Hawaii Island",Hawaii
HERMITAGE,PA
Pensacola,Florida
Valders,Wisconsin
Boulogne-Billancourt,Ile de France
Staten Island,New York
Palm Springs,CA
Oceanside,CA
Draper,Utah
Bridgeville,Pennsylvania
laguna beach,California
Plainfield,Illinois
Bradenton,FL
Madera,CA
Lindon,UT
Bellaire,Texas
Binzen,Baden-Württemberg
Streetsboro,Ohio
East Longmeadow,MA
Canonsburg,PA
Destin,FL
North Salt Lake,UT
Avenel,NJ
Sherman Oaks,California
Seoul,Seoul
Cedar Springs,Michigan
Mapleton,Utah
Myrtle Beach,SC
Encinitas,California
Ghent,Flemish Region
Pace,FL
Mariehamn,Åland
ALMA,MI
Sterling Heights,MI
Murarrie,Queensland
O'Fallon,MO
Killeen,TX
Dyersburg,TN
Moss Point,MS
Erdenheim,PA
Westbury,NY
Vernal,Utah
Perth,Western Australia
Montverde,FL
Petach Tikva,Israel
205,Golden Apple Foundation
Iowa Falls,Iowa
Emmitsburg,MD
Ferndale,WA
Mountain Brook,Alabama
Latham,NY
1017 RP Amsterdam,North Holland
Covina,CA
Newtown Square,PA
Grand Blanc,MI
West Springfield,Massachusetts
Douglasville,Georgia
L'Hospitalet de Llobregat,Barcelona
Teterboro,NJ
Liberty,Missouri
Wilmington DE,USA
Manitowoc,Wisconsin
Fergus Falls,Minnesota
Peterborough,Cambs
Bangalroe,Karnataka
Indian Wells,CA
Oulu,Northern Ostrobothnia
Willis,Texas
Enola,Pennsylvania
Summit,New Jersey
Colleyville,TX
Cedar Park,Texas
Galt,CA
St Paul,MN
Terre Haute,Indiana
Langley,British Columbia
Federal Way,Washington
Universal City,CA
Orchard Park,New York
Battle Creek,Michigan
Surry Hills,NSW
Dubuque,Iowa
San Luis Obispo,California
Keller,Texas
Great River,NY
Woodland Hills ,CA 
Bend,OR
La Mesa,CA
Belton,MO
Brisbane,California
Winter Haven,FL
Pearl River,NY
Winnipeg,Manitoba
Lone Tree,CO
Edgewater,Maryland
Montgomery,Alabama
Horgen,8810
Bridgeport,Texas
Malmo,Skåne County
Lincolnwood,"Lincolnwood, Illinois"
Essen,North Rhine-Westphalia
Trevose,PA
Clinton,Mississippi
Frankfort,Kentucky
Northridge,California
Hugo,Minnesota
Canyon Lake,Texas
Bellflower,CA
Elsa,Texas
Palm Beach Gdns,Florida
Santa Paula,California
Phoenixville,PA
Coldwater,Michigan
Fort Walton Beach,Florida
El Paso,Texas
Thorofare,New Jersey
Cross Junction,Virginia
Winona,Minnesota
Yonkers,NY
Greenleaf,Wisconsin
Kenosha,Wisconsin
St. Clair Shores,MI
Staunton,Virginia
Munhall,Pennsylvania
East Greenwich,Rhode Island
Walnut,California
Gilbert,Arizona
Worland,Wyoming
Nacogdoches,Texas
Billings,Montana
Millwood,New York
Plattsburgh,New York
Cashmere,Washington
Mesquite,Texas
Red Wing,Minnesota
Cumming,Georgia
Southport,Queensland
Salinas,CA
irvine,CA
Belcamp,Maryland
Metuchen,New Jersey
Colfax,NC
Dundalk,Ireland
Havre de Grace,MD
Woodsville,NH
Upper Sandusky,OH
Doral,FL
West Bridgewater,Massachusetts
Shelbyville,Kentucky
Elstree,Herts
Bangor,ME
Bohemia,NY
301,Office Address
Wellsville,NY
New Brunswick,NJ
Glen Rock,NJ
Burton,Michigan
Rockport,ME
Stroudsburg,PA
Lenox,Iowa
Gold River,California
Hopland,CA
Surbiton,Surrey
North Las Vegas,Nevada
Uxbridge,Middlesex
Rancho Cordova,CA
Mount Vernon,Washington
Huntingdon,Cambridgeshire
South El Monte,CA
Temecula,CA
Alamosa,Colorado
Hermosa Beach,California
Santa Cruz,California
Black Mountain,NC
Kitchener,Ontario
Huntersville,North Carolina
Highland Park,IL
Avon,Ohio
Granite Bay,California
Chillicothe,Ohio
Prince George,British Columbia
Poinciana,Florida
Ypsilanti,Michigan
Perham,MN
Utica,New York
Santa Fe,NM
Sulphur Springs,Texas
Bowling Green,KY
Pismo Beach,California
Fairbanks,Alaska
Owensboro,Kentucky
Pickens,South Carolina
Allen,Texas 
Kochi,Kerala
Independence,Ohio
Maggie Valley,North Carolina
Randolph,NJ
State College,PA
Redington Shores,FL
Lehigh Acres,Florida
Fall River,Massachusetts
Leominster,Massachusetts
Wytheville,Virginia
Victorville,CA
Marl,North Rhine-Westphalia
Edinburgh,Scotland
Collierville,TN
Berryville,VA
Vicksburg,MS
Hempstead,New York
Pike Road,AL
West Boylston,Massachusetts
Grimsby ,ON
Doraville,GA
Horseheads,New York
Rohnert Park,California
COLUMBUS,Ohio
Artesia,California
Millville,New Jersey
Highwood,Illinois
Shoreham,Vermont
Bourne,MA
Babylon,New York
Green Brook Township ,New Jersey 
East Norriton Township,Pennsylvania
Eclectic,Alabama
Council Bluffs,IA
Fayetteville,Arkansas
Glen Burnie,MD
Ridgeway,South Carolina
Muscatine,Iowa
Van Alstyne,Texas
Hammond,Indiana
Montpellier,Occitanie
Wood Street,London
Ocala,Florida
Kenilworth,NJ
Rutherford,NJ
"Chuo-ku, Osaka",Osaka
Haverford,Pennsylvania
Apex,North Carolina
Le Kremlin-Bicêtre,Île-de-France
Hood River,Oregon
Eagle,Idaho
Snoqualmie,Select a state
Bengaluru,Karnataka
Lake Wales,FL
FRAMINGHAM,Massachusetts
Toms River,NJ
Pineville,NC
Saratoga Springs,NY
Wadsworth,Ohio
Oak Park,Michigan
Cornelius,NC
Lyndhurst,VA
Bedminster ,New Jersey
Waxhaw,North Carolina
West End,England
Earth City ,MO
Crowley,Texas
Minot,North Dakota
Sheridan,Wyoming
Vero Beach,Florida
Villingen-Schwenningen,Baden-Württemberg
Mattoon,Illinois
Mount Kisco,New York
Ambler,Pennsylvania
Manalapan,New Jersey
Scotch Plains,New Jersey
Bryan,Texas
Dublin 7,Dublin
Deltona,FL
Tobyhanna,Pennsylvania
Solana Beach,CA
Palmer,MA
Delhi,Delhi
Chatsworth,CA
Abu Dhabi,Abu Dhabi
KOLKATA,West Bengal
Nanjing,Jiangsu
Crown Point,Indiana
Westhampton Beach,New York
Flushing,New York
深圳市,广东省
Lisburn,Antrim
Clarksburg,Maryland
Anywhere,Anywhere
Leatherhead,Surrey
Columbia Falls,MT
Rolla,MO
Aalborg,Nordjylland
Elizabethtown,NC
Lewiston,ME
Windsor Mill,MD
Cranford,New Jersey
Oakland Park,FL
Bear,Delaware
Green Valley,Arizona
Wilkes-Barre,Pennsylvania
Tukwila,Washington
HOLLAND,Michigan
LAURELTON,New York
Farmingdale,New York
Rogers,Arkansas
Eden,Texas
Kailua-Kona,Hawaii
Shafter,California
Derry,New Hampshire
Voorhees,New Jersey
HUNTINGDON VALLEY,Pennsylvania
CHULA VISTA,California
GARDEN GROVE,California
Queens,New York
Maplewood,New Jersey
BIDDEFORD,Maine
Wall,New Jersey
Leavenworth,Kansas
Bartlett,Tennessee
EDWARDSBURG,Michigan
Humble,Texas
Castle Rock,Colorado
Moorhead,MN
Inver Grove Heights,MN
Waukee,Iowa
Flint,Michigan
Stanton,CA
Deventer,Overijssel
Quitman,Texas
San Pedro,CA
Daleville,VA
Mather,California
Mojave,CA
Green Valley Lake,California
Altadena,California
Sandnes,Rogaland
Reseda ,CA
Warwick ,RI
Visalia,CA
Bloomingdale,IL
Fort Bonifacio,Taguig
Allegan,Mi
Fort Defiance,Arizona
Sebastopol,California
Monticello,Florida
Redondo Beach,California
Dyersville,Iowa
Sumner,Washington
Scappoose,Oregon
Signal Hill,CA
Wilmette,Illinois
JBSA (Fort Sam Houston),Texas
Post Falls,Idaho
Mt. Pleasant,SC
Lockport,NY
West Valley City,Utah
Clearfield,PA
Edmond,OK
N. Venice,FL
Bowie,MD
League City ,TX
Gulf Shores,AL
Bagneux,France
Hope Mills,NC
Beltsville ,MD
Kapolei,HI
South Milwaukee,WI
Nashik,Maharashtra
Aldie,Virginia
Hazlet,New Jersey
Biloxi,Mississippi
"Harrisburg, ",PA
Palatine,IL
New London,CT
Gurgaon,Harayana 
BANGALORE,Karnataka
DELHI,Delhi
HYDERABAD,Telangana
Gadsden,Alabama
Alpine,Utah
Elk Grove Village,IL
Lafayette Hill,Pennsylvania
Tipton,Missouri
Nicholasville,Kentucky
Irwindale,CA
Sitka,Alaska
Hove,East Sussex
Morton Grove,Illinois
Thane,Maharashtra
West Lafayette,IN
Nyack,NY
Astoria,New York
Malibu,CA
Urbana,Illinois
Chippewa Falls,Wisconsin
Gansevoort,New York
New Ipswich,New Hampshire
West St. Paul,MN
LONDON,ENGLAND
Danby,Vermont
Westport,Connecticut
Milford Township,Pennsylvania
Ketchum,ID
Lynn,Massachusetts
Linthicum Heights,Maryland
La Marque,Texas
Dousman,Wisconsin
Encino,California
Napa,CA
St Charles,Illinois
Scarborough,Maine
Lewis Center,Ohio
Clermont,Florida
Glassboro,New Jersey
Stanley,North Carolina
Stafford,Texas
München,Bayern
Wilsonville,Oregon
Tolleson,Arizona
Panorama City,CA
Starr,South Carolina
Boynton Beach,Florida
Bossier City,Louisiana
North Dartmouth,Massachusetts
Brenham,Texas
"Dublin, OH",Ohio
Fort Pierce,Florida
Seabrook Island,South Carolina
Rialto,California
Anniston,Alabama
East Lyme,Connecticut
Winston Salem,North Carolina
Okeechobee,Florida
Telford,Pennsylvania
Weston,Florida
Puyallup,Washington
North York,Ontario
Hilton Head Island,South Carolina
Iowa City,Iowa
Manitou Springs,Colorado
Suffolk,Virginia
Shoreline,Washington
Edmonds,Washington
Fort Atkinson,Wisconsin
Brush Prairie,Washington
Johnson City,Tennessee
Hendersonville,Tennessee
Tannersville,Pennsylvania
Hodgkins,IL
Millersburg,Pennsylvania
Loxahatchee,Florida
Atlantis,Florida
Glenshaw,Pennsylvania 
Sebring,Florida
Fenton,Missouri
Plantsville,CT
Paterson,NJ
East Dundee,Illinois
Seville ,OH
Etobicoke,Ontario
Bethany,Connecticut
Flowood,MS
Waycross,Georgia
Avon Lake,Ohio
中央区,東京都
Bethel Park,Pennsylvania
DeLand,Florida
Portage,Indiana
Lake in the Hills,IL
Montclair,NJ
Wesly Chapel,Florida
Palm Harbor,Florida
New Hartford,Missouri
ATTICA,IN
Casper,Wyoming
Schiller Park,Illinois
Montgomery Village,Maryland
Hamden,Connecticut
Manhasset Hills,New York
Chambersburg,Pennsylvania
Lewistown,Montana
Praha 8,Prague
Alton,Illinois
New Carlisle,IN
Daphne,Alabama
Woodbury,NY
Iwakuni,Yamaguchi
Wyoming,MI
 Brooklyn,NY
Alamo,California
Muskegon,Michigan
Laguna Niguel,CA
Williamsport,MD
La Verne,California
Chula Vista,California
Timonium,Maryland
Homer,Alaska
Lake City,Florida
Brandon,FL
Miami ,FL 
Copper Canyon,Texas
Shelby Township,Michigan
OMAHA,NE
LONGWOOD,FLORIDA
Clifton,New Jersey
Davie ,FL
Delmar,NY
Olmsted Falls,Ohio
Regina,Saskatchewan
Joplin,Missouri
Cloquet,Minnesota
Dawsonville,Georgia
Jamison,PA
Hialeah,Florida
Flushing ,New York 
Gastonia,NC
Wallace,NC
Glendale Heights,Illinois
Odenton,MD
Merrill,Wisconsin
Sevilla,Sevilla
Owasso,Oklahoma
Healdsburg,California
Lansdale,Pennsylvania
El Monte,California
Lake Hopatcong,New Jersey
Northvale,New Jersey
Orem,Utah
​Sacramento,California
Oakwood,Georgia
Solo,Central Java
Bel Air,Maryland
Palm Desert,California
Amite,Louisiana
Uniontown,Ohio
Moultrie,GA
Sherrodsville,Ohio
Jefferson,WI
 Round Rock, Texas 
Gardner,Kansas
Daly City,California
Murfreesboro,TN
Jurupa Valley,California
Rancho Cucamonga,CA
Midlothian,Virginia
Ciudad Autónoma de Buenos Aires,buenos aires
Holdrege,Nebraska
Fife,WA
Norwood,Massachusetts
University Park,pa
Vacaville,CA
Saint-Eustache,QC
