NY,US
Texas,US
California,US
TX,US
Stockholm,SE
CA,US
Noord-Holland,NL
NJ,US
BW,DE
England,GB
Ohio,US
NC,US
New York,US
FL,US
Maryland,US
London,GB
Hessen,DE
Indiana,US
Pennsylvania,US
Karnataka,IN
MA,US
OH,US
North Carolina,US
Maharashtra,IN
Connecticut,US
VA,US
WA,US
MO,US
Middlesex,GB
ON,CA
Baselstadt,CH
Quebec,CA
Cambridgeshire,GB
New Jersey,US
Michigan,US
MI,US
Illinois,US
IL,US
MN,US
GA,US
Georgia,US
France,FR
ma,US
Massachusetts,US
Tennessee,US
PA,US
Uttar Pradesh,IN
Wisconsin,US
Ontario,CA
Virginia,US
Zurich,CH
Utrecht,NL
British Columbia,CA
CO,US
OR,US
CT,US
MD,US
Ireland,IE
Arizona,US
Paris,FR
WI,US
KY,US
mi,US
Île-de-France,FR
NH,US
wa,US
Arkansas,US
il,US
Minnesota,US
Québec,CA
Zuid-Holland,NL
Idaho,US
DC,US
North Holland,NL
NV,US
Washington,US
Fl,US
tx,US
Rhineland-Palatinate,DE
South Holland,NL
IN,US
RI,US
Montana,US
Weybridge,GB
Nebraska,US
NSW,AU
Berkshire,GB
Hertfordshire,GB
TN,US
SC,US
Baden-Württemberg,DE
Bavaria,DE
Colorado,US
Tokyo,JP
UT,US
Auvergne-Rhône-Alpes,FR
Geneva,CH
Oslo,NO
Florida,US
Tn,US
AZ,US
Alabama,US
Kentucky,US
Iowa,US
Missouri,US
Vizcaya,ES
Utah,US
CH,CH
Skane County,SE
Surrey,GB
New Taipei City,TW
AR,US
Middle Jutland,DK
Switzerland,CH
NM,US
Oregon,US
NE,US
Delaware,US
OK,US
Tx,US
Florence,IT
AB,CA
WV,US
LA,US
Oklahoma,US
Queensland,AU
New Hampshire,US
VIC,AU
Alberta,CA
Maine,US
District of Columbia,US
TS,IN
Singapore,SG
Provence-Alpes-Cote d'Azur,FR
Ga,US
IL ,US
Taiwan,TW
fl,US
North Rhine-Westphalia ,DE
ND,US
KS,US
Lower Saxony,DE
Nevada,US
IA,US
DE,US
Texas ,US
Brussels,BE
QC,CA
ca,US
AL,US
West Midlands,GB
Nuevo León,MX
Leeds,GB
Styria,AT
County Armagh,GB
ID,US
wy,US
sc,US
Walloon Region,BE
VT,US
Ile de France,FR
Kyoto,JP
Kansas,US
Barcelona,ES
Bayern,DE
Spain,ES
Hawaii,US
BC,CA
Louisiana,US
HI,US
QLD,AU
"Plymouth Meeting, PA, ",US
wv,US
Tamil Nadu,IN
SD,US
South Carolina,US
Community of Madrid,ES
Nordrhein-Westfalen,DE
MS,US
Mississippi,US
Iceland,IS
ZG,CH
Nordrhein Westfalen,DE
New York ,US
Gloucestershire,GB
East Sussex,GB
Gujarat,IN
South Dakota,US
AK,US
NS,CA
Rhode Island,US
Provence-Alpes-Côte d'Azur,FR
PENNSYLVANIA,US
Hampshire,GB
ME,US
CT ,US
Dublin,IE
FI,IT
North Dakota,US
Pa,US
Lucca,IT
Cornwall,GB
West Sussex,GB
North Yorkshire,GB
Western Australia,AU
PA ,US
Vermont,US
Oxfordshire,GB
Flevoland,NL
Basel-Country,CH
Paris Area,FR
Victoria,AU
St. Gallen,CH
Worldwide,US
SZ,CH
Guangdong,CN
Luton,GB
Shanghai,CN
La,US
Al,US
North Rhine-Westphalia,DE
Scotland,GB
Haryana,IN
CA-California,US
Skane,SE
USA,US
Kerala,IN
Frankfurt,DE
Cheshire,GB
MT,US
Yvelines,FR
Ca,US
Bermuda,BM
Wi,US
Berlin,DE
Manchester,GB
TV,IT
IDF,FR
Changzhou,CN
Israel,IL
Vaud,CH
Capital Region,IS
Auckland,NZ
SK,CA
Ms.,US
Hesse,DE
WY,US
Parma,IT
Anhui,CN
New Brunswick,CA
Zürich,CH
Gyeonggi-do,KR
PR,US
United States,CA
NO,IT
Telangana,IN
Herts,GB
Dubai,AE
United States (+1),US
Seoul,KR
Flemish Region,BE
Åland,FI
Golden Apple Foundation,US
Cambs,GB
Northern Ostrobothnia,FI
CA ,US
Manitoba,CA
8810,CH
Wyoming,US
Skåne County,SE
"Lincolnwood, Illinois",US
Office Address,US
Alaska,US
New Jersey ,US
Occitanie,FR
Osaka,JP
Select a state,US
Saskatchewan,CA
Delhi,IN
Abu Dhabi,AE
West Bengal,IN
Jiangsu,CN
广东省,CN
Antrim,GB
Anywhere,OO
Nordjylland,DK
Overijssel,NL
Rogaland,NO
Taguig,PH
Mi,US
Harayana ,IN
ENGLAND,GB
Pennsylvania ,US
東京都,JP
Prague,CZ
Yamaguchi,JP
FL ,US
FLORIDA,US
Sevilla,ES
Central Java,ID
 Texas ,US
buenos aires,AR
pa,US
