10504,"Armonk, New York"
12345,Schenectady
77389,Houston
78741,Austin
80333,Munich
95501,EUREKA
75202,Dallas
95134,San Jose
10017-2014,New York
1096 BC,Amsterdam
07920-1097,Basking Ridge
69190,Walldorf
NW1 3BF,London
45202,Cincinnati
28202,Charlotte
10017,New York
33014,Miami Lakes
28310-5010,Fort Liberty
94103,San Francisco
E14 5HQ,London
EC4Y 0DY,Blackfriars
108-0075,Tokyo
94404,San Mateo
60325,Frankfurt am Main
10577,Purchase
46628,South Bend
60329,Frankfurt am Main
19422,Blue Bell
560100,Bangalore
94089,Sunnyvale
02210,Boston
560035,Bangalore
94085,Sunnyvale
45433-7132,Wright-Patterson AFB
07950,Charlotte
400001,Mumbai
22202,Arlington
SW1Y 4PD,London
98006,Bellevue
1800,Vevey
98109,Seattle
63164-0001,St. Louis
TW8 9GS,Brentford
M5H 3G6,Toronto
22102,McLean
4002,Basel
22042,Falls Church
H3G 1T4,Montreal
CB2 0AA,Cambridge
94043,Mountain View
94065,Redwood City
07068,Roseland
78730,Austin
77056,Houston
48243,Detroit
48226,Detroit
95110-2704,San Jose
95125,San Jose
95131,San Jose
07065,Rahway
27513,Cary
07960,Morristown
95054,Santa Clara
02420,Lexington
75009,Paris
60064-3500,Abbott Park
60607,Greater Chicago Area
55403,Minneapolis
30328,Atlanta
95051,Santa Clara
30339,Atlanta
63017,Chesterfield
94612,Oakland
20190,Reston
94158,San Francisco
94304,Palo Alto
01752,Marlborough
75017,Paris
02115,Boston
02138,Cambridge
02215,Boston
92110,Paris
46285,Indianapolis
15108,Coraopolis
10036,New York
94105,San Francisco
07666,Teaneck
94025,Menlo Park
19103,Philadelphia
10011,New York
201301,Noida
02111,Boston
08648,Lawrence Township
94305,Stanford
53212,Milwaukee
M5J 2J5,Toronto
10112-0002,New York City
07632,Englewood Cliffs
55432-5604,Minneapolis
07102,Newark
77010,Houston
75039,Irving
22033,Fairfax
8008,Zurich
3521CB,Utrecht
V6B 0M3,Vancouver
92121,San Diego
80237,Denver
97005,Beaverton
06902,Stamford
EC3V 4AN,London
8200,Schaffhausen
06904,Stamford
90067,Los Angeles
417 15,Göteborg
95128,San Jose
75024,Plano
07054,Parsippany
WC2R 0RL,London
85579,"Neubiberg, München"
21076,Hanover
43017,Dublin
94583,San Ramon
11747,Melville
10166,New York
77032,Houston
77002,Houston
2880,Bagsværd
27105,Winston-Salem
EC2V 5DD,London
75000,Paris
T12 X8N6,Cork
92618,Irvine
43068,Columbus
98134,Seattle
30320-6001,Atlanta
94080,South San Francisco
78759,Austin
10001,New York
85286,Chandler
10021,New York
48084,Troy
20817,Bethesda
75201,Dallas
1112 TC,Diemen
92506,Rueil Malmaison
60606,Chicago
61710,Bloomington
60601,Chicago
53202-4797,Milwaukee
40213,Louisville
60196,Schaumburg
02109,Boston
06155,Hartford
90095,Los Angeles
90027,Los Angeles
90095-1405,Los Angeles
2400 BA,Alphen aan den Rijn
10022,New York
48109,Ann Arbor
94720,Berkeley
94160,Saint-Mandé
55402,Minneapolis
92626,Costa Mesa
10019,New York
48674,Midland
92612,Irvine
03106-1045,Manchester
98195-4550,Seattle
NY 10282,New York
30269,Peachtree City
67056,Ludwigshafen
W6 8BS,London
72712,Bentonville
61820,Champaign
95814,Sacramento
92123,San Diego
95811,Sacramento
94102,San Francisco
55391,Wayzata
02116,Boston
N2L 0A1,Waterloo
95035,Milpitas
H3B 1Y8,Montréal
31703,Blagnac Cedex
72032,Conway
2616,Delft
30303,Atlanta
98119,Seattle
63136,St. Louis
M5K 1A2,Toronto
55003,Bayport
60604,Chicago
95616,Davis
60611,Chicago
94538,Fremont
30346,Atlanta
92656,Aliso Viejo
02114,Boston
01970,Salem
02129,Boston
83706,Boise
19355,Malvern
95350,Modesto
01864,North Reading
10041,New York
90036,Los Angeles
UB7 0GA,Middlesex
92400,Courbevoie
44139,Solon
01615,Worcester
20472,Washington
20229,Washington
90401,Santa Monica
1043,Amsterdam
94122,San Francisco
94143,San Francisco
10010,New York
89503,Reno
98101,Seattle
15212,Pittsburgh
411004,Pune
33605,Tampa
90089,Los Angeles
10017-2630,New York
94070,San Carlos
07417,Franklin Lakes
02451,Waltham
GU21 6HT,Woking
32202,Jacksonville
22102-3110,McLean
78712,Austin
19104,Philadelphia
19104-6303,Philadelphia
55425,Minneapolis
28036,Davidson
19482,Valley Forge
60208,Evanston
90245,El Segundo
1077 WW,Amsterdam
55218,Ingelheim am Rhein
91367,Woodland Hills
38197,Memphis
44114,Cleveland 
2591 TV,The Hague
6430,Nordborg
44143,Mayfield Village
53113,Bonn
47408,Bloomington
60061,Vernon Hills
02903,Providence
76177,Haslet
33309,Fort Lauderdale
53045,Brookfield
92103,San Diego
M2N 6L7,Toronto
59715,Bozeman
75038,Irving
01887,Wilmington
15219,Pittsburgh
SE-10545,Stockholm
KT15 2QW,Addlestone
60654,Chicago
21287,Baltimore
21218-2688,Baltimore
68102,Omaha
10013,New York
2000,Sydney
14226,Amherst
SL4 1RS,Windsor
30332,Atlanta
30332-0530,Atlanta
20876,Germantown
AL10 9TW,Hatfield
60015,Deerfield
77079,Houston
95050,Santa Clara
47201,Columbus
37203,Nashville
01111,Springfield
29707,Fort Mill
20742,College Park
22182,Tysons Corner
100085,Beijing
17033,Hershey
64105,Kansas City
75063,Irving
63131,St. Louis
14831,Corning
30374,Atlanta
7190,Billund
88046,Friedrichshafen
91074,Herzogenaurach
27514,Chapel Hill
H7L 0E3,Laval
27603,Raleigh
80204,Denver
80203,Denver
60603,Chicago
100-8280,Chiyoda-ku
8022,Zurich
60045,Lake Forest
60637,Chicago
30322,Atlanta
5504DR,Veldhoven
78140,Vélizy-Villacoublay
44316,Akron
02142,Cambridge
02110,Boston
EC3M 7DQ,London
31999,Columbus
84602,Provo
27703,Durham
10153,New York
92000,Nanterre
28202-1904,Charlotte
90501,Torrance
53706-1380,Madison
1120,Brussels
94111,San Francisco
1211 Geneva 1,Geneva
28117,Mooresville
18195-1501,Trexlertown
0283,Oslo
33716,St. Petersburg
43215,Columbus
37090,Lebanon
80111,Greenwood Village
35203,Birmingham
14625,Rochester
H4T 1G6,Montréal
85281,Tempe
80112,Englewood
22903,Charlottesville
94063,Redwood City
19087,Radnor
34134,Bonita Springs
33928,Estero
77073,Houston
SE-112 74,Stockholm
63102,St. Louis
50309,Des Moines
30099-0001,Duluth
92868,Orange
EC1A 4HT,London
103-8645,Tokyo
01730,Bedford
33178,Miami
2020,Mascot
400072,Mumbai
10012,New York
63118,St. Louis
01655,Worcester
08103,Camden
77030,Houston
10154,New York
77843,College Station
37235,Nashville
44124,Cleveland
SE-415 50,Göteborg
95138,San Jose
53783,Madison
80202,Denver
02139,Cambridge
10005,New York
84150,Salt Lake City
55102,St. Paul
99352,Richland
75001,Addison
60062-2096,Northbrook
55905,Rochester
07030,Hoboken
60631,Chicago
EC2P 2SR,London
20433,Washington
23060,Glen Allen
1214,Vernier
64108,Kansas City
131 54,Stockholm
19456,Oaks
10006,New York
98104,Seattle
15272,Pittsburgh
48005,Bilbao
02163,Boston
30326,Atlanta
84108,Salt Lake City
94607,Oakland
20151,Chantilly
22201,Arlington
FI-00100,Helsinki
19341,Exton
10020,New York
6300,Zug
15203,Pittsburgh
18940,Newtown
19122,Philadelphia
19140,Philadelphia
94551,Livermore
1217,Meyrin
411016,Pune
45040,Mason
226 55,Lund
1082,Amsterdam
KT15 2UP,Weybridge
43537,Maumee
31311,Dhahran
221,XiZhi District
60532,Lisle
21231,Baltimore
01701,Framingham
01772,Southborough
72202,Little Rock
60602,Chicago
08807,Bridgewater
19025,Dresher
8850,Bjerringbro
SW1Y 4AD,London
M5S 2B4,Toronto
78218,San Antonio
32256,Jacksonville
6944020,Tel-Aviv
2640,Hedehusene
DK-8270,Højbjerg
60126,Elmhurst
02115-5005,Boston
1216,Geneva
92121-1968,San Diego
43659,Toledo
75254,Dallas
02199,Boston
87545,Los Alamos
111 20,Stockholm
03054,Merrimack
20405,Washington
SW1H 0DB,London
93106,Santa Barbara
2970,Horsholm
48084-7186,Troy
65211,Columbia
20171,Herndon
40509,Lexington
EC2A 3HU,London
22030,Fairfax
20036,Washington
60606-1224,Chicago
97204,Portland
3526 KS,Utrecht
19130,Philadelphia
90015,Los Angeles
10065,New York
8044,Zurich
23219,Richmond
53044,Kohler
80210,Denver
80021,Westminster
53051,Menomonee Falls
60154,Westchester
19607,Reading
92011,Carlsbad
10014,New York
33122,Miami
27709,Research Triangle Park
1013,Amsterdam
60169,Hoffman Estates
1082 MS,Amsterdam
55126,Shoreview
37902-1499,Knoxville
01810,Andover
60062,Northbrook
WC2N 5EH,London
68588,Lincoln
02119,Boston
17603,Lancaster
68179,Omaha
19711,Newark
43041,Marysville
44131,Cleveland
53595,Dodgeville
91204,Glendale
10016,New York
29201,Columbia
95110,San Jose
10029-6574,New York
6030,Ebikon
95630,Folsom
53223,Milwaukee
10595,Valhalla
94117-1080,San Francisco
55415-4402,Minneapolis
56258,Marshall
75246,Dallas
74078-1015,Stillwater
91302,Calabasas
411057,"Hinjawadi, Pune"
97301-3871,Salem
06901,Stamford
L5K2R7,Mississauga
46580,Warsaw
EC3A 8AA,London
76203-1277,Denton
60153,Maywood
75390,Dallas
17055,Mechanicsburg
60008,Rolling Meadows
64106,Kansas City
60714-4648,Niles
50018,Casellina di Scandicci
44242-0001,Kent
30308,Atlanta
90210,Beverly Hills
10018,New York
07110,Nutley
60048,Libertyville
T2P 3L8,Calgary
11050,Port Washington
10281,New York
26506,Morgantown
70118-5698,New Orleans
33169,Miami
73102-5010,Oklahoma City
78750,Austin
4101,South Brisbane
63108,St. Louis
33199,Miami
19112,Philadelphia
48202,Detroit
85288,Tempe
W1G 0PS,London
53233,Milwaukee
14606,Rochester
20005,Washington
94568,Dublin
N2V 1C6,Waterloo
63017 ,Chesterfield
N1C 4AG,London
75062,Irving
33607,Tampa
15205,Pittsburgh
53022,New Berlin
55435,Minneapolis
33811,Lakeland
CR0 2EE,Croydon
03824-3547,Durham
29550,Hartsville
60156,Deerfield
100–8176,Tokyo
EC2V 5DX,London
48106,Ann Arbor
98037,Lynnwood
3052,Melbourne
T2P 5H1,Calgary
02118-2999,Boston
80524,Fort Collins
32114,Daytona Beach
44308,Akron
76102,Fort Worth
92610,Foothill Ranch
76011,Arlington
60612,Chicago
8005,Zurich
00186,Rome
92122,San Diego
64112,Kansas City
99019,Liberty Lake
75080,Richardson
40202,Louisville
04033,Freeport
38105,Memphis
44720,North Canton
EC4A 4AB,London
06095,Windsor
10038,New York
98103,Seattle
20006,Washington
92127,San Diego
94903,San Rafael
84341,N Logan
95126,San Jose
07030-5991,Hoboken
M5V 1K4,Toronto
44060,Mentor
48326,Auburn Hills
21046,Columbia
10004,New York
04092,Westbrook
33301,Ft. Lauderdale
37831,Oak Ridge
77042,Houston
80027,Louisville
44092,Wickliffe
98101-2605,Seattle
65101,Jefferson City
55317,Chanhassen
92014,Del Mar
89118,Las Vegas
19312,Berwyn
32216,Jacksonville
02452,Waltham
84401,Ogden
500034,Hyderabad
10019-6064,New York
37072,Goodlettsville
SE1 9GL,London
02135-2088,Brighton
40724,Hilden
02043,Hingham
L7E 5S5,Bolton
20878,Gaithersburg
48083,Troy
10172,New York
80802,Munich
118222,Singapore
91362,Westlake Village
62704,Springfield
20001,Washington
43202,Columbus
13002,Marseille
SW1E 5BY,London
61701,Bloomington
60563,Naperville
11753,Jericho
SW1P 2AW,London
01821,Billerica
31408,Savannah
29210,Columbia
FI-02100,Espoo
8708,Männedorf
80209,Denver
W1H 7EJ,"Marylebone, London"
60601 ,Chicago 
1101 CM,Amsterdam 
60515-1288,Downers Grove
54301,Green Bay
97124,Hillsboro
02472,Watertown
90802-4850,Long Beach
30305,Atlanta
48037,Southfield
18036,Coopersburg
50321,Des Moines
84111,Salt Lake City
87110,Albuquerque
300,Hsinchu
55340,Medina
10029,New York
89121,Las Vegas
78238-5166,San Antonio
63117,St Louis
33431-0991,Boca Raton
63146,Maryland Heights
98121,Seattle
30720,Dalton
45131,Essen 
85032,Phoenix
60101,Addison
64110,Kansas City
92101,San Diego
27604,Raleigh
58108-6050,Fargo
46206,Indianapolis
66211,Overland Park
55454,Minneapolis
66062,Olathe
07302,Jersey City
 21224,Baltimore
60093,Northfield
90049,Los Angeles
37603,Holzminden
89109,Las Vegas
28217,Charlotte
M5J 2S1,Toronto
02865,Lincoln
94403,San Mateo
21228,Catonsville
63103,St. Louis
60025,Glenview
24515,Lynchburg
63105,Saint Louis
22310,Alexandria
80920,Colorado Springs
28204,Charlotte
50219,Pella
77027,Houston
92821,Brea
22031,Fairfax
92108,San Diego
AB12 3LE,Aberdeen
30092,Peachtree Corners
37067,Franklin
75082,Richardson
35223,Birmingham
46601,South Bend
77380,Spring
10977,Chestnut Ridge
75019,Dallas
75235,Dallas
18101,Allentown
00240,Helsinki
87103,Albuquerque
05801,Hyvinkaa
19004,Bala-Cynwyd
19901,Dover
46410,Merrillville
15222,Pittsburgh
20121,Milano
60143,Itasca
55120,Mainz
75071,McKinney 
1702,Groot-Bijgaarden
J0E 2L0,Valcourt
33182,Miami
55101,St. Paul
92866,Orange
35242,Birmingham
75007,Irving
85258,Scottsdale
20701,Annapolis Junction
06484,Shelton
19428,Conshohocken
20004,Washington
90064,Los Angeles
37421,Chattanooga
B90 8BG ,Solihull
8058,Zurich
66265,San Pedro Garza García
44667,Orrville
LS18 4GH,Horsforth
73102,Oklahoma City
88400,Biberach
75231,Dallas
38103,Memphis
20852,Rockville
47710,Evansville
98034,Bellevue
06102,Hartford
08054,Mount Laurel
78701,Austin
37027,Brentwood
08016,Burlington
80401,Golden
8045,Graz
BT63 5QD,Craigavon
48170,Zamudio
98119-1997,Seattle
22180,Vienna
94804,Richmond
85080,Phoenix
66160,Kansas City
55912,Austin
32317,Tallahassee
04101,Portland
94901,San Rafael
03431,Keene
48126,Dearborn
22305,Alexandria
76051,Grapevine
33431,Boca Raton
77086,Houston
83725,Boise
10158,New York
92037,La Jolla
33021,Hollywood
22525,Hamburg
78229-3900,San Antonio
02349,Middleboro-Lakeville
84790,St George
4663,Aarburg
92010,Carlsbad
43235,Columbus
63121-4400,St. Louis
48162,Monroe
92336,Fontana
92131,San Diego
83401,Idaho Falls
37214,Nashville
60018,Rosemont
54481,Stevens Point
19462,Plymouth Meeting
95076,Watsonville
01805,Burlington
80634,Greeley
53158,Pleasant Prairie
53202,Milwaukee
72212,Little Rock
48201,Detroit
20534,Washington
43085,Worthington
89434,Sparks
69160,Sidney
64114,Kansas City
19713,Newark
82071,Laramie
21204,Towson
06811,Danbury
20636,Hollywood
92780,Fountain Valley
60517,Woodridge
60173,Schaumburg
45237,Cincinnati
98415,Tacoma
32801,Orlando
G82 3RG,Dumbarton
02155,Medford
103-8210,Tokyo
53403,Racine
85004,Phoenix
78205,San Antonio
HM12,Hamilton
78758,Austin
22311,Alexandria
63132,St Louis
91320,Thousand Oaks
90266,Manhattan Beach
14564,Victor
10591,Tarrytown
19085,Villanova
43015,Delaware
34243,Sarasota
44333,Akron
 97204,Portland
60523,Oak Brook
400 096,Mumbai
72201,Little Rock
20001-2399,Washington
98005,Bellevue
72903,Fort Smith
01267,Williamstown
01867,Reading
45840,Findlay
19103-7599 ,Philadelphia
80539,Loveland
32224-7699,Jacksonville
55422,Minneapolis
60440,Bolingbrook
85034,Phoenix
84107,Salt Lake City
30346-1249,Atlanta
21230,Baltimore
29424-0001,Charleston
1342,Limelette
92096-0001,San Marcos
55401,Minneapolis
J0A 1B0,Kingsey Falls
35226,Hoover
60661,Chicago
07052,West Orange
EC2M 1RX,London
33602,Tampa
02061-9149,Norwell
T2P 2W2,Calgary
45102,Cincinnati
85255,Scottsdale
91101,Pasadena
91748,City of Industry
CB3 0HB,Cambridge
06851,Norwalk
06477,Orange
07733,Holmdel
07095,Woodbridge Township
02478,Belmont
63005,Chesterfield
19107,Philadelphia
07890,Branchville
21201,Baltimore
66219,Lenexa
06106,Hartford
23238,Richmond
33143,Coral Gables
EC3V 0BT,London
94108,San Francisco
14202,Buffalo
32819,Orlando
45373,Troy
60137,Glen Ellyn
19406,King of Prussia
79430,Lubbock
95008,Campbell
21108,Millersville
28273,Charlotte
05401,Burlington
90802,Long Beach
48374,Novi
43219,Columbus
33134,Coral Gables
45207,Cincinnati
W2 6LG,London
48375,Novi
10528,Harrison
85701,Tucson
99163,Pullman
78725,Austin
18103,Allentown
33131,Miami
33487,Boca Raton
72544,Dallas
01923,Danvers
75240,Dallas
60187-5593,Wheaton
45245,Cincinnati
75251,Dallas
84121,Salt Lake City
75219,Dallas
38108,Memphis
T6E 5L7,Edmonton
30338,Atlanta
53792,Madison
91304,West Hills
EC2A2UT,London
08876,Somerville
76196,Fort Worth
19102,Philadelphia
77550,Galveston
98660,Vancouver
02118,Boston
07677,Woodcliff Lake
84606,Provo
94107-1242,San Francisco
400099,Mumbai
44074,Oberlin
97219,Portland
48867,Owosso
"Westchester, IL",Westchester
10007,New York
617-8555,Nagaokakyo-shi
94520,Concord
08536,Plainsboro
66210,Overland Park
80020,Broomfield
65898,Springfield
19380,West Chester
77007,Houston
84123,Salt Lake City
08174,Sant Cugat del Vallès
4051,Basel
46204,Indianapolis
164 40,Stockholm
91765,Diamond Bar
08540,Princeton
73134,Oklahoma City
M2P 2B5,Toronto
82049,Pullach
30625,Hannover
45242,Cincinnati
53594,Waterloo
94588,Pleasanton
46268,Indianapolis
76104,Fort Worth
27605,Raleigh
01803-5100,Burlington
09007,Burgos
06511,Carros
30096,Duluth
30078,Hsin-Chu
96814,Honolulu
17233-9533,McConnellsburg
92688,Rancho Santa Margarita
46240,Indianapolis
40223,Louisville
55060,Owatonna
46032,Carmel
85043,Phoenix
27518,Cary
45402,Dayton
45069,West Chester
46250,Indianapolis
92660,Newport Beach
91770,Rosemead
55428,New Hope
27612,Raleigh
84095,South Jordan
53189,Waukesha
46220-6903,Indianapolis
58103-3339,Fargo
43216,Columbus
80129,Highlands Ranch
27607,Raleigh
87106,Albuquerque
L6H 0N1,Oakville
97209,Portland
07105,Newark
45869,New Bremen
20566,Washington
20002,Washington
85251,Scottsdale
18915,Colmar
90094,Los Angeles
37919,Knoxville
08817,Edison
533-8555,Osaka
10027-6598,New York
78215,San Antonio
V2J 6P5,Quesnel
31901,Columbus
03801,Portsmouth
30350,Atlanta
07470,Wayne
70139,New Orleans
94104,San Francisco
30310-1495,Atlanta
03264-1595,Plymouth
94598,Walnut Creek
96813,Honolulu
94596,Walnut Creek
21205,Baltimore
91203,Glendale
53718,Madison
T2G 0R1,Calgary
48105,Ann Arbor
10471-4098,Riverdale
28105,Matthews
60640,Chicago
21401,Annapolis
35210,Birmingham
90895,Carson
93940,Monterey
28277,Charlotte
63101,St. Louis
74119,Tulsa
19348,Kennett Square
75081,Richardson
19038-3295,Glenside
4006,Newstead
43604,Toledo
77710,Beaumont
19044,Horsham
37215,Nashville
78626,Georgetown
48304,Bloomfield Hills
07643,Little Ferry
78735,Austin
68508,Lincoln
30071,Norcross
98662,Vancouver
60613,Chicago
23230,Richmond
48334,Farmington Hills
94118,San Francisco
28607,Boone
44115,Cleveland
28211,Charlotte
35205,Birmingham
60506-4892,Aurora
36602,Mobile
80302,Boulder
15330-2813,Eighty Four
91105,Pasadena
61201,Rock Island
02035,Foxborough
52241,Coralville
92841,Garden Grove
35233,Birmingham
55369,Maple Grove
70123,Harahan
55441,Minneapolis
98402,Tacoma
55113,St. Paul
98021,Bothell
18040,Easton
29528,Conway
90262,Lynwood
75056,Lewisville
33765,Clearwater
40245,Louisville
02908,Providence
44103,Cleveland
80632,Greeley
01760,Natick
55431,Bloomington
90058,Los Angeles
47905,Lafayette
75204,Dallas
48034,Southfield
02108,Boston
91301,Agoura Hills
V6J1C7,Vancouver
57673,Warroad
92128,San Diego
CH-1218,Genève
22314,Alexandria
62703-5407,Springfield
01880,Wakefield
45212,Cincinnati
90806,Long Beach
75234,Dallas
63301-1695,St. Charles
77024,Houston
33584,Seffner
70170-5100,New Orleans
30022,Alpharetta
94560,Newark
53226,Milwaukee
60171-1995,River Grove
19040,Hatboro
43015-2370,Delaware
32802,Orlando
45429,Kettering
17604,Lancaster
84070,Sandy
60069,Lincolnshire
92354,Loma Linda
55012-0011,Center City
20170,Herndon
13212,North Syracuse
43228,Columbus
83702,Boise
18018-6650,Bethlehem
68114,Omaha
20420,Washington
90028,Los Angeles
V6A 1E1,Vancouver
07652,Paramus
89113,Las Vegas
30119,Carrollton
TW9 2HS,Richmond
91355,Valencia
"Denver, CO","Waltham, MA"
90046,Los Angeles
91206,Glendale
20166,Sterling
19720,New Castle
78209,San Antonio
EC4N 7BE,London
31404,Savannah
23187,Williamsburg
70002,Metairie
07920,Basking Ridge
30318,Atlanta
77040,Houston
55426,Minneapolis
15601,Greensburg
61615,Peoria
46202,Indianapolis
85021,Phoenix
92200,Neuilly-sur-Seine
68183,Omaha
10924,Goshen
14617,Rochester
66636-0001,Topeka
90014,Los Angeles
97361-1394,Monmouth
21044,Columbia
48033,Southfield
70121,New Orleans
53085,Sheboygan Falls
01720,Acton
17112,Harrisburg
20910,Silver Spring
44125,Cleveland
60626,Chicago
60625,Chicago
33762,Clearwater
20759,Fulton
76063,Mansfield
78749,Austin
73114,Oklahoma City
25414,Charles Town
08234,Egg Harbor Township
80918,Colorado Springs
02301,Brockton
98004,Bellevue
76705,Waco
EC3M 3BY,City of London
62715,Springfield
02459,Newton
53224,Milwaukee
603103,Chennai
20794,Jessup
31100,Toulouse
85250,Scottsdale
55437,Bloomington
23453,Virginia Beach
33480,Palm Beach
57501,Pierre
93101,Santa Barbara
11104,Long Island City
45323,Enon
11801,Hicksville
78249,San Antonio
55340-9457,Minneapolis
49009,Kalamazoo
33401,West Palm Beach
92802,Anaheim
85016,Phoenix
54956,Neenah
75203,Dallas
90017,Los Angeles
20515,Washington
53029,Hartland
30107,Ball Ground
46515,Elkhart
43054,New Albany
30274,Riverdale
21031,Hunt Valley
55110,St. Paul
23606,Newport News
H1P 1X8,Montreal
45244,Cincinnati
H2L 4L8,Montreal
92673,San Clemente
78411,Corpus Christi
76262,Westlake
79410,Lubbock
11201,Brooklyn
94945,Novato
SC 29607,Greenville
17403,York
08837,Edison
60120,Elgin
30043,Lawrenceville
33133,Miami
48150-1176,Livonia
97220,Portland
90031,Los Angeles
07932,Florham Park
89512,Reno
02421,Lexington
46208,Indianapolis
05068,South Royalton
27601,Raleigh
33323,Sunrise
46845,Fort Wayne
97201,Portland
63110,St. Louis
92705-5588,Santa Ana
33919,Fort Myers
24501,Lynchburg
02902,Providence
21202,Baltimore
35071,Gardendale
78731,Austin
SW6 4NZ,London
18974,Warminster
14624,Rochester
61705,Bloomington
37804-5907,Maryville
50266,West Des Moines
93702,Fresno
V6E 2E9,Vancouver
27409,Greensboro
29464,Mount Pleasant
77057,Houston
60195,Hoffman Estates
02481,Wellesley Hills
98052,Redmond
94010,Burlingame
27401,Greensboro
600032,Chennai
32207,Jacksonville
65802,Springfield
15122,West Mifflin
10003,New York
70809,Baton Rouge
28033,Madrid
20770,Greenbelt
95118,San Jose
47715,Evansville
35209,Birmingham
97330,Corvallis
77210,Houston
87113,Albuquerque
59759,Arnsberg
60184,Oakbrook Terrace
90066,Los Angeles
01930,Gloucester
92118,Coronado
01060,Northampton
80014,Aurora
83619,Fruitland
90620,Buena Park
41017,Edgewood
23430,Smithfield
75093,Plano
30009,Alpharetta
54016,Hudson
05604,Montpelier
44224,Stow
H4R 3J4,Saint-Laurent 
31061,Milledgeville
75008,Paris
29615,Greenville
94947,Novato
08057,Moorestown
75205,Dallas
79120,Amarillo
06489,Southingon
97006,Beaverton
85012,Phoenix
01854,Lowell
20175,Leesburg
29169,West Columbia
64111,Kansas City
06854,Norwalk
V6P 6G2,Vancouver
06457,Middletown
55344,Eden Prairie
11714,Bethpage
22315,Alexandria
77070,Houston
89144,Las Vegas
76104-2796,Fort Worth
08873,Somerset
06510,New Haven
19063,Media
64086,Leeꞌs Summit
30316,Atlanta
75006,Carrollton
30901,Augusta
60506,Aurora
36078,Tallassee
08034,Cherry Hill
49544,Grand Rapids
39201,Jackson
63141,St Louis
21216-3698,Baltimore
90069,Los Angeles
98033,Kirkland
55372,Prior Lake
78704,Austin
IV2 6AA,UK and International
E1 8DR,London
32901,Melbourne
67214,Wichita
38930,Greenwood
94550,Livermore
90023,Commerce
75002,PARIS
33410,Palm Beach Gardens
06032,Farmington
30907,Augusta
52404,Cedar Rapids
54311,Green Bay
93117,Goleta
29403,Charleston
60559,Westmont
19034,Fort Washington
73142,Oklahoma City
43560,Sylvania
83333,Hailey
54912,Appleton
110,Reykjavik
32308,Tallahassee
78216,San Antonio
46783,Roanoke
31799,Thomasville
35806,Huntsville
68506,Lincoln
30144,Kennesaw
49503,Grand Rapids
15120,Homestead
10035,New York
50428,Clear Lake
90056,Los Angeles
44286,Richfield
45103,Batavia
33132,Miami
07834,Denville
45177,Wilmington
46814,Fort Wayne
30097,Johns Creek
91011,La Canada
34108-1945,Naples
75206,Dallas
80301,Boulder
90242,Downey
45236,Cincinnati
28210,Charlotte
74120,Tulsa
27103,Winston-Salem
22401,Fredericksburg
60639,Chicago
60605,Chicago
92614,Irvine
98105,Seattle
07094,Secaucus
43213,Whitehall
60148,Lombard
28262,Charlotte
01581,Westborough
28208,Charlotte
CB2 0AX,Cambridge
93307,Bakersfield
95112,San Jose
10604,White Plains
92630,Lake Forest
90010,Los Angeles
01247-4100,North Adams
91789,City of Industry
6340,Baar
22124,Oakton
53713,Madison
34994,Stuart
27616,Raleigh
WD4 8LR,Kings Langley
48912,Lansing
60515,Downers Grove
92823,Brea
19610,Wyomissing
20176,Leesburg
20191,Reston
45227,Cincinnati
51149,Köln
EC3R 7BB,London
17154,Solna
90045,Los Angeles
46556-0308,Notre Dame
14221,Buffalo
06110,West Hartford
60085,Lake Forest
94949,Novato
91773,"San Dimas, CA 91773"
49501-1704,Grand Rapids
M5K 1G8,Toronto
11023,Great Neck
31323,Riceboro
95113,San Jose
27560,Morrisville
1242,Satigny - Geneva
21403,Annapolis
50026,West Des Moines
98108,Seattle
18964,Souderton
6900,Bregenz
56308,Alexandria
60606-5075,Chicago 
92708,Fountain Valley
07310,Jersey City
80205,Denver
80011-9036,Aurora
37217,Nashville
89074,Henderson
12203,Albany
EC2R 8EJ,London
77077,Houston
30068,Atlanta
61550,Morton
07083,Union
92008,Carlsbad
GL10 3RF,Stonehouse
54401-1899,Wausau
77075,Houston
78726,Austin
75244,Farmers Branch 
78221,San Antonio
68154,Omaha
53719,Madison
44147,Broadview Heights
02458,Newton
37744,Greeneville
30342,Atlanta
60178,Sycamore
11779,Lake Ronkonkoma
85284,Tempe
TN6 3FB,Crowborough
64132,Kansas City
11749,Islandia
W12 7FR,London
390012,Vadodara
L4W0C4,Mississauga
44146,Walton Hills
48075,Southfield
44113-1811,Cleveland
48152,Livonia
20850,Rockville
24504,Lynchburg
57701,Rapid City
94605,Oakland
94608,Emeryville
40507,Lexington
M5J 2V5,Toronto
86165,Augsburg
02780,Taunton
77094-1009,HOUSTON
95119,San Jose
93720,Fresno
68165,Mannheim
77478,Sugar Land
60131,Franklin Park
N5V 4T7,London
75034,Frisco
92128-3432,San Diego
53511,Beloit
28602,Hickory
94621,Oakland
78155,Seguin
99508,Anchorage
90703,Cerritos
19010,Bryn Mawr
80501,Longmont
SE1 2QG,London
75248,Dallas
4782,St. Florian am Inn
17602,Lancaster
27615,Raleigh
94107,San Francisco
21030,Baltimore
68776,South Sioux City
75010,Carrollton
62777,Springfield
20037,Washington
46205,Indianapolis
22203,Arlington
91711,Claremont
97214,Portland
55102-9808,St. Paul
95652,McClellan
92618-3817,Irvine
99801,Juneau
16066,Cranberry Township
45240,Cincinnati
43082,Columbus
31401,Savannah
48393,Wixom
97239,Portland
94086,Sunnyvale
85705,Tucson
44118,Shaker Heights
27529,Garner
77381,The Woodlands
 23219,Richmond
22043,Falls Church
55116,St. Paul
22902,Charlottesville
68130,Omaha
77072,Houston
95324,Hilmar
B0J 2C0,Lunenburg
01841,Lawrence
91502,Burbank
01608,Worcester
55438,Bloomington
56301,St. Cloud
37932,Knoxville
10976,Sparkill
32399,Tallahassee
37064,Franklin
60451,New Lenox
44236,Hudson
60510,Batavia
06103,Hartford
08512,Cranbury
92649,Huntington Beach
77092,Houston
44126,Fairview Park
53703,Madison
78550,Harlingen
95129,San Jose
98011,Bothell
58201,Grand Forks
61025,East Dubuque
94965,Sausalito
53726,Madison
W1T 3EY,London
21236,Baltimore
27617,Raleigh
77034,Houston
52556,Fairfield
55447,Plymouth
45414,Dayton
92807,Anaheim
29334,Duncan
33916,Fort Myers
53081,Sheboygan
02917,Smithfield
49085,St Joseph
98188,Seattle
64106-1453,Kansas City
97224,Tigard
17108-1166,Harrisburg
10454,Bronx
54305-3900,Green Bay
91205,Glendale
936215,Delano
M2 3NX,Manchester
55089,Welch
95133,San Jose
90024,Los Angeles
80525,Fort Collins
23666,Hampton
91340,San Fernando
63021-5870,St. Louis
76137,Fort Worth
36331,Enterprise
91406,Van Nuys
17111,Harrisburg
46231,Indianapolis
02141,Cambridge
9490,Vaduz
92617,Irvine
37774,Loudon
94709,Berkeley
46562,Pierceton
53073,Plymouth
75057,Lewisville
84106,Salt Lake City
95691,West Sacramento
94301,Palo Alto
30329,Atlanta
63144,St. Louis
52401,Cedar Rapids
90502,Torrance
95834,Sacramento
55343,Eden Prairie
M9W 7K6,Toronto
33609,Tampa
06560,Sophia Antipolis - Valbonne
78746,Austin
90704,Avalon
96001,Redding
27609,Raleigh
08854,Piscataway
19801,Wilmington
1602 DB,Enkhuizen
55126-8164,Shoreview
37086,La Vergne
32751,Maitland
16056,Saxonburg
33073,Coconut Creek
98122,Seattle
03833,Exeter
23510,Norfolk
97225,Portland
W12 9RF,London
K2K 3H4,Ottawa
SO15 1EG,Southampton
04330,Augusta
53562,Middleton
73104,Oklahoma City
84115,Salt Lake City
08550,Hightstown
66202,Overland Park
M3B 3P6,Toronto
11101,Long Island City
55416,Minneapolis
24017,Roanoke
98072,Woodinville
BA1 3JQ,Bath
06877,Ridgefield
EC2M 4PL,London
55439,Edina
95825,Sacramento
06062,Plainville
55435-4818,Edina
22601,Winchester
58104,Fargo
66214,Lenexa
14850,Ithaca
78752,Austin
06040,Manchester
D04 E5Y3,Dublin 4
90212,Beverly Hills
91709-6546,Chino Hills
75766,Jacksonville
92808,Anaheim
93102,Santa Barbara
94133,San Francisco
11570,Rockville Centre
89119,Las Vegas
08069,Carneys Point
48098,Troy
78596,Weslaco
08970,Barcelona
38138,Memphis
60446,Naperville
61107,Rockford
28115,Mooresville
50066,Reggello
21784,Sykesville
15237,Pittsburgh
58102,Fargo
93309,Bakersfield
63139,St. Louis
44130,Middleburg Heights
48377,Novi
95618,Davis
08816,East Brunswick
48168,Northville
18017,Bethlehem
70469,Stuttgart
97801,Pendleton
33781,Pinellas Park
75067,Lewisville
92102,San Diego
34236,Sarasota
76202,Denton
V5H 4N2,Burnaby
49512,Grand Rapids
43231,Columbus
45223,Cincinnati
08820,Edison
85008,Phoenix
08102,Camden
27602,Raleigh
80238,Denver
48670,Midland
97015,Clackamas
92705,Santa Ana
74523, Schwäbisch Hall 
339407,Singapore 
21224,Baltimore
90248,Gardena
95833,Sacramento
15231,Pittsburgh
29063,Irmo
98144,Seattle
01801,Woburn
07407,Elmwood Park
27107,Winston-Salem
48329,Waterford
54448,Marathon
44312,Akron
19390,West Grove
20011,WASHINGTON
93710,Fresno
98074,Sammamish
27407,Greensboro
55412,Minneapolis
85014,Phoenix
22604,Winchester
89521-5917,Reno
33813,Lakeland
43528,Holland
55108,St. Paul
17011,Camp Hill
45246,Cincinnati
91604,Studio City
60123,Elgin
80218,Denver
8606,Greifensee
30093,Norcross
55927,Dodge Center
94110,San Francisco
32826-2784,Orlando
03302-3550,Concord
EC3V 9AH,London
20164,Sterling
4242,Laufen
55016,Porcari
90810,Long Beach
14469,Bloomfield
89139,Las Vegas
72761,Siloam Springs
85054,Phoenix
TR11 4RH,Falmouth
18503,Scranton
83642,Meridian
15009,Beaver
90048,Los Angeles
72120,Sherwood
4064,Milton
33065,Coral Springs
30005,Alpharetta
97420,Coos Bay
45342,Miamisburg
33024,Cooper City
05452,Essex Junction
16501,Erie
91504,Burbank
95002,San Jose
76179,Fort Worth
22209,Arlington
07458,Upper Saddle River
10123,New York
YO8 8PH,Selby
14211,Buffalo
77586,Seabrook
33418,Palm Beach Gardens
27517,Chapel Hill
85024,Phoenix
91108,San Marino
486795,Singapore
93311,Bakersfield
15220,Pittsburgh
90012,Los Angeles
93711,Fresno
49546,Grand Rapids
54914,Appleton
96161,Truckee
44122,Cleveland
06067,Rocky Hill
92130,San Diego
30501,Gainesville
NW1 3AL,London
98801,Wenatchee
M5J 2J1,Toronto
77046,Houston
33805,Lakeland
89079,Ulm
06901-1490,Stamford
06360,Norwich
94402,San Mateo
53186,Waukesha
06033,Glastonbury
32940,Melbourne
98050,Preston
11021,Great Neck
54307-9031,Green Bay
17030-0370,Gratz
11501,Mineola
90630,Cypress
84651,Payson
EC2V 7AD,London
92865,Orange
27704,Durham
85044,Phoenix
37228,Nashville
84003,Highland
32814,Orlando
11788,Hauppauge
12308,Schenectady
12065,Clifton Park
91710,Chino
47203,Columbus
75207,Dallas
53572,Mt Horeb
6004,East Perth
90059,Los Angeles
55121,Eagan
36701,Selma
30341,Chamblee
77041,Houston
01803-4232,Burlington
33404,Riviera Beach
19133,Philadelphia
19406 ,King of Prussia 
45241,Cincinnati
92064,Poway
28801,Asheville
L4V1K7,Mississauga
05403,South Burlington
M2J 4R3,Toronto
36067-4849,Prattville
91605,North Hollywood
EC4R 1BR,London
19966,Millsboro
35216,Birmingham
10170,New York
8080,Zürich
11530,Garden City
02653,Foxborough
02895,Woonsocket
22150,Springfield
60181,Oakbrook Terrace
L6T 5G4,Brampton
77503,Pasadena
02048,Mansfield
OX10 6SL,Wallingford
07004,Fairfield
55113-1308,Roseville
37920,Knoxville
85018,Phoenix
29650,Greer
32601,Gainesville
71270,Ruston
94539,Fremont
49071,Mattawan
98110,Bainbridge Island
89014,Henderson
20147,Ashburn
105-8001,Minato-ku
75231-4596,Dallas
08544-0070,Princeton
20815,Chevy Chase
44106,Cleveland
22203-1606,Arlington
33146,Coral Gables
95192,San Jose
60601-6501,Chicago
30309,Atlanta
29730,Rock Hill
400703,Navi Mumbai
48211-1198,Detroit
92130-3331,San Diego
53718-2148,Madison
10024,New York
95014,Cupertino
60439,Lemont
2113,North Ryde
54612,Arcadia
1322 AP,Almere
SE-10723,Stockholm
85254,Scottsdale
99362,Walla Walla
43201-2696,Columbus
30319,Atlanta
69280,Marcy-l'Étoile
29492,Charleston
37402-2555,Chattanooga
76131,Fort Worth
1066 EP Amsterdam,Amsterdam
W4 4AL,London
24033,Roanoke
94597,Walnut Creek
98926-7505,Ellensburg
55347,Eden Prairie
SW1Y 6QT,London
33321,Ft. Lauderdale
91010,Duarte
98124,Seattle
4133,Pratteln
92270,Bois-Colombes
07724,Tinton Falls
94501,Alameda
92501,Riverside
DK-2800,Lyngby
D16 KH51,Dublin
T2G 0H7,Calgary
03755-3529,Hanover
29715,Fort Mill
02139-3563,Cambridge
37662,Kingsport
70113,New Orleans
91505,Burbank
53593,Verona
94220,Charenton le Pont Cedex
60201,Evanston
10055,New York
11725,Commack
23320,Chesapeake
27701,Durham
67220,Wichita
DK-2500,Copenhagen
M3C 2K8,Toronto
27420,Greensboro
30024-2978,Suwanee
53208,Milwaukee
10092,New York
EC2V 7EE,London
96819,Honolulu
68106,Omaha
78204,San Antonio
400710,Navi Mumbai
73179,Oklahoma City
07649,Oradell
95032,Los Gatos
500081,Hyderabad
20577,Washington
20431,Washington
95518-4448,Arcata
11042,Lake Success
72745,Lowell
66210-1299,Overland Park
27215,Burlington
50569,Köln
18015,Bethlehem
9435,Heerbrugg
33172,Miami
L6Y 5S5,Brampton
EC2N 4AG,100 Bishopsgate
90045-2659,Los Angeles
14203,Buffalo
10121,New York
11219,Brooklyn
08184,Palau Solità i Plegamans
85260,Scottsdale
Global,20+ Locations
62781,Springfield
20152,Chantilly
44109,Cleveland
53005,Brookfield
30701,Calhoun
10467,Bronx
14052,East Aurora
68175,Omaha
43205,Columbus
CH 1007,Lausanne
43219-1882,Columbus
74117,Tulsa
33126,Miami
97211,Portland
8808,Pfäffikon
47705,Evansville
18034-0610,Center Valley
02021,Canton
54902,Oshkosh
97232,Portland
91106-2003,pasadena
98683,Vancouver
EC2M 5TF,London
21804,Salisbury
EC1V 1AZ,London
37909,Knoxville
07101,Newark
91702,Azusa
94925,Corte Madera
66213,Overland Park
48331,Farmington Hills
WC2E 9AB,London
11422,Riyadh
63103-2097,Saint Louis
95053,Santa Clara
44101,Cleveland
M6K3H7,Toronto
49501-1967,Grand Rapids
M5V 1E9,Toronto
02466,Newton
78723,Austin
79409-5005,79409
68198,Omaha
08003,Cherry Hill
21703,Frederick
72762,Springdale
94545,Hayward
02125-3393,Boston
1000,Brussels
27516,Chapel Hill
32816,Orlando
66045,Lawrence
46556,Notre Dame
33620-9951,Tampa
76013,Arlington
53211,Milwaukee
37402,Chattanooga
98055,Renton
24061,Blacksburg
89522,Heidenheim an der Brenz
02135,Boston
94304-1050,Palo Alto
45430,Dayton
75226,Dallas
84043-9572,Lehi
90232,Culver City
43230,Columbus
51201,Sheldon
18407,Carbondale
03110,Bedford
 85224,Chandler
38120,Memphis
76707,Waco
60191,Wood Dale
76092,Southlake
32810,Orlando
47546,Jasper
66111,Kansas City
12229,Albany
80307-3000,Boulder
M5B 2L7,Toronto
EC2N 2AX,London
19047,Langhorne
33634,Tampa
32821,Orlando
58103,Fargo
77036,Houston
98501,Olympia
55114,St. Paul
06855,Norwalk
83814,Coeur d'​ Alene
80215,Lakewood
34135,Bonita Springs
66061,Olathe
01845,North Andover
78756,Austin
56003,North Mankato
77479,Sugar Land
54602,La Crosse
40014,Crestwood
4815048393,Livonia
W1T 1HJ,London
02189,Weymouth
20250,Washington
22192,Woodbridge
23462,Virginia Beach
40222,Louisville
20754,Dunkirk
EC2A 2AP,City of London
27511,Cary
07311,Jersey City
1561,Copenhagen
EC4M 7RD,London
43551,Perrysburg
14223,Buffalo
80002,Arvada
43613,Toledo
60616,Chicago
90301,Inglewood
17754,Montoursville
13057,East Syracuse
32246,Jacksonville
86005,Flagstaff
99503,Anchorage
LU1 3BA,Capability Green
12020,Malta
380015,Ahmedabad
63017-1706,Chesterfield
92691,Mission Viejo
27101,Winston-Salem
07645,Montvale
200131,Shanghai
77009,Houston
70433,Covington
54703,Eau Claire
21117-4871,Owings Mills
35401,Tuscaloosa
02886-1807,Warwick
37922,Knoxville
40589,Düsseldorf
95127,San Jose
71636,Ludwigsburg
84060,Park City
33773,Largo
30024,Suwanee
G2 7DA,Glasgow
BH15 1,Poole
08625,Trenton
78257,San Antonio
30080,Smyrna
03561,Littleton
33408,Juno Beach
31126-0620,Atlanta
17402,York
16335,Meadville
18195,Allentown
29485,Summerville
12237,Albany
8050,Zurich
10601,White Plains
61010,Byron
122 001,Gurugram
93065,Simi Valley
SW19 7QW,Wimbledon
08872,Sayreville
53092,Mequon
17331,Hanover
33990,Cape Coral
33020,Hollywood
33701,St Petersburg
98203,Everett
40203,Louisville
02127,Boston
L-2086,Luxembourg
13760,Endwell
06825,Fairfield
90505,Torrance
27713,Durham
97035,Lake Oswego
88231,Eunice
55359,Maple Plain
01843,Lawrence
55103-1573,SAINT PAUL
53711,Madison
77584,Houston
92672,San Clemente
211 20,Malmö
EC4M 9DL,London
92648,Huntington Beach
H3B 2M9,Montreal
N1k 1E6,Guelph
94236-0001,Sacramento
J3Z 1G5,Saint-Hubert
02140,Cambridge
M5C 1C4,Toronto
90025,Los Angeles
9,Dublin
95624,Elk Grove
60558,Western Springs
12205,Albany
28014,Madrid
06410,Cheshire
32817,Orlando
46140,Greenfield
V6C 0B3,Vancouver
33180,Miami
32092,St. Augustine
17605,Lancaster
37209-1043,Nashville-Davidson
V6P 6M9,Vancouver
EC2V 6EE,London
54911,Appleton
13411,New Berlin
RH10 1BF,Crawley
14220,Buffalo
35671,Tanner
32224,Jacksonville
20109,Manassas
80003,Arvada
48341,Pontiac
85711,Tucson
49686,Traverse City
55413,Minneapolis
79705,Midland
84043,Lehi
43125,Groveport
18840,Sayre
33069,Pompano Beach
29405,N. Charleston
95355,Modesto
78245,San Antonio
12401,Kingston
695581,Trivandrum
72764,Springdale
19543,Morgantown
07080,South Plainfield
27617-7423,Raleigh
11230,Brooklyn
86260,Scottsdale
SE1 9SG,London
11787,Smithtown
H1V 1G3,Montreal
400059,Mumbai
30030,Decatur
92806,Anaheim
38804,Tupelo
19320,Coatesville
21215,Baltimore
2003,Washington
91124,Pasadena
99611,Kenai
EC3V 0AA,City of London
40468,Düsseldorf
97210,Portland
75008 ,Paris
08520,East Windsor
76137-2429,Fort Worth
9240,Uzwil
91754,Monterey Park
37219,Nashville
89706,Carson City
78130,New Braunfels
33445,Delray Beach
98507,Olympia
61352,Bad Homburg
75237,Dallas
72118,North Little Rock
21117,Owings Mills
48207,Detroit
98027,Issaquah
TW11 OLY,Teddington
55414,Minneapolis
32301,Tallahassee
60606-5877,Chicago
14519,Ontario
28390,Spring Lake
63011,Ellisville
93110,Santa Barbara
66215,Lenexa
01603,Worcester
SK9 1BH,Wilmslow
60077,Skokie
78681,Round Rock
73118,Oklahoma City
83720,Boise
28805,Asheville
80212,Denver
20879,Gaithersburg 
 SW1V 1LW,London
33810,Lakeland
59808,Missoula
89146,Las Vegas
92505,Riverside
91746,City of Industry
33332,Pembroke Pines
SE-417 56,Gothenburg
80230,Denver
37172,Springfield
57201,Watertown
21286,Towson
78180,Saint-Quentin-en Yvelines
07753,Neptune City
95130,San Jose
33140,Miami Beach
32827,Orlando
06615,Stratford
11374,Rego Park
92701,Santa Ana
12207,Albany
89117,Las Vegas
98102,Seattle
55811,Duluth
54601, La Crosse
33764,Clearwater
90623,La Palma
60090,Wheeling
29302,Spartanburg
23452,Virginia Beach
1098,Copenhagen
49048,Kalamazoo
80526,Fort Collins
50325,Clive
78258-4946 ,San Antonio
30189,Woodstock
400063,Mumbai
33441,Deerfield Beach
45050,Monroe
33576,San Antonio
92704,Santa Ana
70570,Opelousas
44483,Warren
97024,FAIRVIEW
94941,Mill Valley
M4V 2Y7,Toronto
4123,Allschwil
36507,Bay Minette
02169,Quincy
V6B 2T4,Vancouver
23231,Richmond
95037,Morgan Hill
63043,Saint Louis
97239-3769,Portland
20706,Lanham
32811,Orlando
81621,Basalt
23229,Three Chopt
92663,Anaheim
33629,Tampa
35802,Huntsville
44077,Mentor
06492,Wallingford
77385,Conroe
33610,Tampa
11205,Brooklyn
77536,Deer Park
61108,Rockford
80231,Denver
HM 08,Pembroke
85390,Wickenburg
66208,Prairie Village
79601,Abilene
20003,Washington
34452,Inverness
10461,Bronx
T2P 1G1,Calgary
46012,Anderson
78572,Mission
78023,Helotes
33444,Delray Beach
19963,Milford
95020,Gilroy
45215,Cincinnati
06840,New Canaan
63143,St. Louis
91361,Westlake Village
95403,Santa Rosa
53965,Wisconsin Dells
10437,Berlin
1010,Vienna
80207,Denver
EC4R 0AA,London
65807,Springfield
63127,St. Louis
53188,Waukesha
55345,Minnetonka
11217,Brooklyn
90040,Los Angeles
81089,Walsenburg
10012-3886,New York
53089,Sussex
80516,Erie
40299,Louisville
23228,Richmond
30337,Atlanta
SW6 3JD,London
78711-3326,Austin
45015,Hamilton
67202,Wichita
99202,Spokane
87144,Rio Rancho
M9L 2W6,Toronto
M3 5GS,Salford
80538,Loveland
60647,Chicago
31050,Villorba
61018,Dakota
01915,Beverly
1348,Louvain-la-Neuve
28269,Charlotte
19106-1574,Philadelphia
60187,Wheaton
21045,Columbia
77063,Houston
02184,Braintree
EC3A 7LP,London
65202,Columbia
27415,Greensboro
80228,Lakewood
89423,Minden
77701,Beaumont
20012,Washington
92042,Paris La Défense
93001,Ventura
18951,Quakertown
30114,Canton
38106,Cordova
33409,West Palm Beach
46217,Indianapolis
32257,Jacksonville
GL50 8TW,Cheltenham
66103,Kansas City
33170,Miami
92653,Laguna Hills
WC1X 0DS,Clerkenwell
68127,Omaha
33156-3170,Miami
08902,North Brunswick
68144,Omaha
74701,Durant
E1W 1AW,London
80012,Aurora
08108,Collingswood
62959,Marion
213031,Jiangsu
48302,Bloomfield Hills
22079,Lorton
18037,Coplay
48076,Southfield
06897,Wilton
16101,New Castle
77099,Houston
32765,Oviedo
20374,Washington
22207,Arlington
20855,Rockville
60555,Warrenville
28223,Charlotte
52806,Davenport
1016EV,Amsterdam
00180,Helsinki
19121,Philadelphia
23105,Migdal Haemek
53151,New Berlin
19148,Philadelphia
76006,Arlington
90746,Carson
30518,Buford
3009 AR,Rotterdam
21122,Pasadena
53220,Greenfield
77006,Houston
98030,Kent
L4W 0E1,Mississauga
60490,Bolingbrook
91201,Glendale
46280,Indianapolis
113 43,Stockholm
70461,Slidell
95678,Roseville
75070,McKinney
33004,Dania Beach
91761,Ontario
59801,Missoula
28104,Weddington
48108,Ann Arbor
77066,Houston
48910,Lansing
63006,Chesterfield
94022,LOS ALTOS
89002,Henderson
87107, Albuquerque
44203,Barberton
46038,Fishers
07922,Berkeley Heights
02093,Wrentham
76702,Waco
100176,Beijing
02905,Providence
M6A2X1,Toronto
1196,Gland
07977-0331,Peapack-Gladstone
SW1P 1RH,London
94040,Mountain View
Dublin 2,Dublin 2
97205,Portland
95023,Hollister
05701,Rutland
01104,Springfield
23005,Ashland
101,Reykjavík
30004,Alpharetta
33461,Lake Worth
21043,Mount Laurel
01566,Sturbridge
D02 XH98,Dublin 2
33156,Miami
48038,Clinton Township
95814-5015,Sacramento
07450,Ridgewood
380051,Ahmedabad
19113,Philadelphia
19611,Reading
28590,Winterville
11222,Brooklyn
20912,Takoma Park
64000,Monterrey
01062,Florence
75087,Forney
33136,Miami
06053,New Britain
60455,Bridgeview
44484,Warren
WA15 8AB,Altrincham
60185,West Chicago
Corporate Headquarters,Reston
76155,Fort Worth
85003,Phoenix
84047,Midvale
18106,Allentown
90033,Los Angeles
68502,Lincoln
33830,Bartow
34240,Sarasota
77492,Katy
08053,Marlton
24087,Elliston
16950,Westfield
1023,Auckland
S7N 3R3,Saskatoon
56303,Saint Cloud
20772,Upper Marlboro
84041,Layton
30324,Atlanta
13203,Syracuse
41094,Walton
E1 6NN,London
73447,Oberkochen
11718,Brightwaters
94104-5401,San Francisco
47401,Bloomington
53404,Racine
28203,Charlotte
74103,Tulsa
02492-1200,Needham
80211,Denver
60004,Arlington Heights
50023,Ankeny
68118,Omaha
07631,Englewood
28226,Charlotte
39503,Gulfport
08852,Monmouth Junction
10025,New York
61602,Peoria
98362,Northwest Washington
20814,Bethesda
61184,Karben
12601,Poughkeepsie
23185,Williamsburg
92879,Corona
92831,Fullerton
82001,Cheyenne
32607,Gainesville
01960,Peabody
06905,Stamford
10532,Hawthorne
66612,Topeka
02467,Chestnut Hill
43036,Fidenza
77095,Houston
H2L 4C7,Montreal
71901,Hot Springs
34983,Port St Lucie
77060,Houston
48335,Farmington Hills
55012-1430,Saint Paul
1031,Budapest
54915,Appleton
8712,Stäfa
92883,Corona
68503,Lincoln
01460,Littleton
80045,Aurora
32703,Apopka
78753,Austin
M6E 4Y2,Toronto
90211,Beverly Hills
29307,Spartanburg
98503,Lacey
34677,Oldsmar
60618,Chicago
07940,Madison
58078,West Fargo
45885,St. Marys
49418,Grandville
32826,Orlando
85226,Chandler
12309,Niskayuna
93446,Paso Robles
43229,Columbus
80011,Aurora
01630,Saint Genis Pouilly
49106,Bridgman
230088,Hefei
07430,Mahwah
49307,Big Rapids
35244,Birmingham
45459,Dayton
33308,Fort Lauderdale
33157,Cutler Bay
33756,Clearwater
78734,Austin
01746,Holliston
54639,La Farge
34604,Brooksville
90057,Los Angeles
Connvertex Technologies Inc. - Head Office,South Jordan
19140    ,Philadelphia   
14068,Getzville
50323,Urbandale
83709,Boise
53706,Madison
90016,Los Angeles
48104,Ann Arbor
90230,Culver City
02061,Norwell
3000,Melbourne
E2M 4X8,Saint John
31833,West Point
97402,Eugene
14043,Depew
01749,Hudson
92009,Carlsbad
98032,Kent
48085,Troy
L6H 1A7,Oakville
32401,Panama City
05101,Bellows Falls
35801,Huntsville
M3J 3E5,Toronto
34747,Kissimmee
15086,Warrendale
67206,Wichita
19958,Lewes
48309,Rochester Hills
65201,Columbia
46278,Indianapolis
49525,Grand Rapids
02025,cohasset
13903,Binghamton
20015,Washington
94904,Greenbrae
48442,Holly
77074,Houston
95826,Sacramento
098497,Singapore
32792,Winter Park
23511,Norfolk
43076,Thornville
53532,De Forest
75066,Carrollton
90021,Los Angeles
02143,Somerville
19067,Yardley
48009,Birmingham
08691,Robbinsville
55387,Waconia
12603,Poughkeepsie
90292,Marina del Rey
37830,Oak Ridge
30336,Atlanta
38104,Memphis
80206,Denver
8152,Glattbrugg
44223,Cuyahoga Falls
94104 ,San Francisco
39211,Jackson
58501,Bismarck
33138,Miami
97045,Oregon City
38060,Oakland
93012,Camarillo
78703,Austin
19008,Broomall
22602,Winchester
G1P 4S3,Quebec City
27408,Greensboro
78745,Austin
78728,Austin
17118,Yongin-si
85204,Mesa
68601,Columbus
97223,Portland
33614,Tampa
90013,Los Angeles 
63123,St. Louis
 75001 ,Paris
M5S 2B7,Toronto
07662,Rochelle Park
91107,Pasadena
76107,Fort Worth
83704,Boise
EC4M 7DX,London
10120,New York
68111-3700,Omaha
02453,Waltham
06002,Bloomfield
29601,Greenville
46260,Indianapolis
08830,Iselin
43502,Archbold
90808,Long Beach
07081,Springfield
90720,Los Alamitos
29607,Greenville
60188,Carol Stream
94806-1242,San Pablo
23235,Richmond
98201,Everett
50322,Urbandale
45140,Loveland
50021,Ankeny
83815,Coeur d'Alene
49058,Hastings
70601,Lake Charles
46241,Indianapolis
95747,Roseville
29801,Aiken
46222,Indianapolis
00918,San Juan
48346,Clarkston
19153,Philadelphia
19115,Philadelphia
92024 CEDEX,Nanterre
29910,Bluffton
60060,Mundelein
92563,Murrieta
93003,Ventura
T2P 3M3,Canada 
11378,Maspeth
85282,Tempe
78219,San Antonio
07045,Montville
72206,Little Rock
33556,Odessa
19090,Willow Grove
74135,Tulsa
19146,Philadelphia
30076,Roswell
34410,Palm Beach Gardens
22911,Charlottesville
RG1 1EX,Reading
65203,Columbia
71730,El Dorado
80221,Denver
94710,Berkeley
11717,Edgewood
77494,Katy
28021,Borgomanero
89509,Reno
06850,Norwalk
02360,Plymouth
94080-6305,SOUTH SAN FRANCISCO
07036,Linden
2765,Smørum
43526,Hicksville
11553,Uniondale
85013,Phoenix
20009,Washington
90291,Los Angeles
70810,Baton Rouge
07974,New Providence
HG1 1JD,Harrogate
05406-4781,Burlington
94523,Pleasant Hill
48896,Winn
94547,Hercules
32080-7026,Saint Augustine
60614,Chicago
02842,Middletown
B90 4SJ,Shirley
94954,Petaluma
60644,Chicago
43605,Toledo
39437,Ellisville
40505,Lexington
78665,Round Rock
60426,Harvey
98008,Bellevue
500032,Hyderabad
21218,Baltimore
40225-0001,Louisville
73112,Oklahoma City
60622,Chicago
81401,Montrose
29611,Greenville
20774,Upper Marlboro
27214,Browns Summit
02859,Pascoag
50510,Albert City
390019,Vadodara
60172,Roselle
33334,Fort Lauderdale
44094,Willoughby
10177,New York
48071,Madison Heights
84604,Provo
78374,Portland
77017,Houston
97520,Ashland
63044-2483,Bridgeton
90403,Santa Monica
46923,Delphi
30340,Atlanta
21220,Middle River
32805,Orlando
17013,Carlisle
46304,Chesterton
27519,Cary
20110,Manassas
92707,Santa Ana
98226,Bellingham
85704,Tucson
02476,Arlington
19114,Philadelphia
18104,Allentown
19703,Claymont
07205,Hillside
63379,St. Louis
01201,Pittsfield
20144,Milan
52302,Marion
43147,Pickerington
61834,Danville
94041,Mountain View
45305,Bellbrook
17512,Columbia
53072,Pewaukee
30606,Athens
85719,Tucson
77019,Houston
45249,Cincinnati
53705,Madison
03867,Rochester
V6E 2K3,Vancouver
62234,Collinsville
43062,Pataskala
WC1V 7AA,London
19020,Bensalem
68022,Elkhorn
95070,SARATOGA
80537,Loveland
75247,Dallas
98007,Bellevue
74700,SALLANCHES
63119,St Louis
98405,Tacoma
98607,Camas
44240,Kent
75229,Dallas
10002,New York
52233,Hiawatha
46216,Indianapolis
V4G 1H4,Delta
08805,Bound Brook
27587,Wake Forest
80241,Thornton
92801,Anaheim
85048,Phoenix
WD18 8JU,Watford
85225,Chandler
50829,Köln
16001,Butler
39567,Pascagoula
55445,Minneapolis
67226,Wichita
19438,Harleysville
92067,Rancho Santa Fe
22046,Falls Church
V5T 1G8,Vancouver
55428-1559,Brooklyn Park
70775,St. Francisville
01893,Burlington
11372,New York City
78754,Austin
55379,Shakopee
37209,Nashville
70802,Baton Rouge
97401,Eugene
48176,Saline
02537,East Sandwich
53050,Mayville
L4K 0H9,Vaughan
94590,Vallejo
54751,Menomonie
80246,Denver
64153,Kansas City
50673,Dubai
75367,Dallas
B37 7XZ,Birmingham
V8W 2H7,Victoria
TS23 1LH,Billingham
57104,Sioux Falls
19106,Philadelphia
97217,Portland
94703,Berkeley
08831,Jamesburg
97230,Portland
19333,Devon
28034,Madrid
28806,Asheville
03103,Manchester
47708,Evansville
33637,Temple Terrace
92675,San Juan Capistrano
27619-7091,Raleigh
H9P 1J1,Dorval
53122,Elm Grove
08844,Hillsborough
33952,Port Charlotte
SW9 0FJ,London
07728,Freehold
78520,Brownsville
73127,OKC
39157,Ridgeland
02302,Brockton
3207,Port Melbourne
95215,Stockton
03063,Nashua
65567,Stoutland
523808,Dongguan
M5J 2T3 ,Toronto
97501,Medford
98019,Seattle
49417,Grand Haven
48116,Brighton
66085,Stilwell
44103-1029,Cleveland
06488,Southbury
88471,Laupheim
28560,"New Bern, NC"
WC2E 7HA,London
93923,Carmel
48025,Beverly Hills
17601,Lancaster
06831,Greenwich
33322,Plantation
32789,Winter Park
N0E 1W0,Vittoria
33407,West Palm Beach
46383,Valparaiso
98195,Seattle
45150,Milford
10969,Berlin
29406,North Charleston
380060,Ahmedabad
91764,Ontario
90004,Los Angeles
33142,Miami
60110,Carpentersville
32778,Tavares
85050,Phoenix
06103-4506,Hartford
30084,Tucker
33076,Parkland
07663,Saddle Brook
60504,Aurora
10901,Suffern
17057,Middletown
92602,Irvine
06519,New Haven
78229,San Antonio
46805,Fort Wayne
01886,Westford
6777506,Tel Aviv
FI-06150,Porvoo
11556,Uniondale
89128,Las Vegas
78705,Austin
83404,Idaho Falls
84405,Ogden
83605,Caldwell
97114,Dayton
20032,District of Columbia
72114,North Little Rock
55306,Burnsville
07960-3964,Morristown
71106,Shreveport
30060,Marietta
53405,Mount Pleasant
55337,Burnsville
90740,Seal Beach
EC21R 4AB,London
32771,Sanford
34655,Trinity
34613,Brooksville
34741,Kissimmee
34667,Hudson
33573,Sun City Center
OX1 1BY,Oxford
08075,Delran
78202,San Antonio
95993,Yuba City
37404,Chattanooga
33145,Miami
78150,Randolph Air Force Base
17036,Hummelstown
33704,ST PETERSBURG
77845,College Station
10168,New York
76116,Fort Worth
96743,"Kohala Coast, Hawaii Island"
16148,HERMITAGE
55305,Minnetonka
90503,Torrance
32501,Pensacola
54245,Valders
92100,Boulogne-Billancourt
92069,San Marcos
10306,Staten Island
92262,Palm Springs
98466,Tacoma
B90 8AB,Solihull
14214,Buffalo
19406-3596,King of Prussia
92056,Oceanside
84020,Draper
15017,Bridgeville
92651,laguna beach
13202,Syracuse
60544,Plainfield
34203,Bradenton
93637,Madera
50313,Des Moines
40243,Louisville
77449,Houston
84042,Lindon
NW1 1BS,London
77401,Bellaire
79589,Binzen
93722,Fresno
H3A 3C8,Montréal
44241,Streetsboro
80631,Greeley
07306,Jersey City
46256,Indianapolis
01028,East Longmeadow
29651,Greer
15317,Canonsburg
85028,Phoenix
37915,Knoxville
60632,Chicago
M1 2EH,Manchester
32541,Destin
84054,North Salt Lake
30601,Athens
07001,Avenel
98124-4023,Seattle
85085,Phoenix
76712,Waco
91411,Sherman Oaks
95407,Santa Rosa
02906,Providence
05510,Seoul
49319,Cedar Springs
33613,Tampa
15275,Pittsburgh
55356,Minneapolis
01803,Burlington
10100,New York
94306,Palo Alto
84664,Mapleton
29572,Myrtle Beach
92024,Encinitas
9031,Ghent
48223,Detroit
L6T4N8,Brampton
32571,Pace
22100,Mariehamn
48801,ALMA
483610,Sterling Heights
4172,Murarrie
35243,Birmingham
70163,New Orleans
63366,O'Fallon
22206,Arlington
10124,Stockholm
76541,Killeen
57108,Sioux Falls
34210,Bradenton
518000,Shenzhen
38024,Dyersburg
39563,Moss Point
19038,Erdenheim
11590,Westbury
80113,Englewood
28209,Charlotte
53203,Milwaukee
K1Y0Z7,Ottawa
78724,Austin
80110,Englewood
4220,Miami
84078,Vernal
55407,Minneapolis
1017CE,Amsterdam
6000,Perth
34756,Montverde
M5G 1Z3,Toronto
15206,Pittsburgh
91342,Los Angeles
4952707,Petach Tikva
60610,Chicago
Golden Apple Foundation,205
92126,San Diego
29732,Rock Hill
77064,Houston
50126,Iowa Falls
02885,Warren
46818,Fort Wayne
32405,Panama City
21727,Emmitsburg
98248,Ferndale
75012,Paris
35213,Mountain Brook
12110,Latham
85027,Phoenix
91744,City of Industry
22312,Alexandria
M5V 0S8,Toronto
1017 ,1017 RP Amsterdam
91723,Covina
19073,Newtown Square
33326,Sunrise
30313,Atlanta
22308,Alexandria
79101,Amarillo
84601,Provo
21217,Baltimore
95401,Santa Rosa
30082,Smyrna
48439,Grand Blanc
4700,"Denmark, Germany, UK, USA, Canada, Australia, India, Malaysia, Singapore, Hong Kong, China, Japan, S Korea "
01089,West Springfield
2015,Sydney
30134,Douglasville
1140,Brussels
08908,L'Hospitalet de Llobregat
07608,Teterboro
64068,Liberty
94513,Brentwood
85280,Tempe
 19808 ,Wilmington DE
54220,Manitowoc
66503,Manhattan
56537,Fergus Falls
PE7 8FD,Peterborough
56064,Bangalroe
92210,Indian Wells
10156,New York
32803,Orlando
90590,Oulu
75224,Dallas
77318,Willis
17025,Enola
07901,Summit
70803,Baton Rouge
92627,Costa Mesa
76034,Colleyville
43040,Marysville
78680,Round Rock
78613,Cedar Park
66102,Kansas City
H2N 2C9,Montreal
38401,Columbia
29624,Anderson
95632,Galt
37207,Nashville
20537,Hamburg
80216,Denver
90504,Torrance
63128,St Louis
54923,Berlin
20902,Wheaton
47803,Terre Haute
V2Y 2C1,Langley
12208,Albany
EC3A 3DE,London
M9M 2Z7,Toronto
98001,Federal Way
91608,Universal City
2,Dublin 2
14127,Orchard Park
84103,Salt Lake City
49037,Battle Creek
94134,San Francisco
55104,St Paul
80222,Denver
90071,Los Angeles
78213,San Antonio
10119,New York
2010,Surry Hills
03766,Lebanon
50704,Waterloo
52002,Dubuque
80482,Winter Park
90712,Lakewood
V5Y 1M2,Vancouver
77020,Houston
0131,Tbilisi
92415,San Bernardino
98401,Tacoma
21702,Frederick
36608,Mobile
93401,San Luis Obispo
90804,Long Beach
76248,Keller
53204,Milwaukee
11739,Great River
560004,Bangalore
30363,Atlanta
20123,Milano
90071-1206,Los Angeles
67215,Wichita
04103,Portland
91364,Woodland Hills 
06468,Monroe
97701,Bend
30349,Atlanta
91942,La Mesa
64012,Belton
55411,Minneapolis
94005,Brisbane
10169,New York
33880,Winter Haven
10965,Pearl River
R3P 0Z6,Winnipeg
80124,Lone Tree
95030,Los Gatos
21037,Edgewater
66614,Topeka
78727,Austin
36109,Montgomery
Postfach 358,Horgen
57702,Rapid City
68005,Bellevue
FI-00501,Helsinki
76426,Bridgeport
215 34,Malmo
98013,Seattle
60712,Lincolnwood
89147,Las Vegas
45141,Essen
80234,Westminster
03079,Salem
75075,Plano
99501,Anchorage
78702,Austin
94555,Fremont
08619,Hamilton
99201,Spokane
62269,O'Fallon
75074,Plano
02886,Warwick
19053,Trevose
85051,Phoenix
39056,Clinton
31705-5716,Albany
52402-4500,Cedar Rapids
44145-1482,Cleveland
44132-2877,Cleveland
80640,Henderson
40601-8212,Frankfort
90805-4502,Long Beach
37207-2539,Nashville
91325-1299,Northridge
55038-9372,Hugo
78133,Canyon Lake
58505,Bismarck
96817,Honolulu
11225,New York
77304,Conroe
90706,Bellflower
78543-0067,Elsa
33410-4384,Palm Beach Gdns
93061-0046,Santa Paula
19460,Phoenixville
63044-2637,Bridgeton
64067,Lexington
77384-4516,Conroe
80229,Thornton
49036-2014,Coldwater
32547,Fort Walton Beach
79902,El Paso
08086,Thorofare
77030-4509,Houston
22625-2035,Cross Junction
55987,Winona
06904-9310,Stamford
49507,Grand Rapids
04032,Freeport
10705,Yonkers
54126-9614,Greenleaf
06460-6648,Milford
53143,Kenosha
48080,St. Clair Shores
91325,Los Angeles
 07059,Warren
92346,Highland
WR14 1JJ,Malvern
34232-2739,Sarasota
95678-1906,Roseville
15120-2759,Munhall
60102,Hillside
55803-2307,Duluth
02818,East Greenwich
91789-1446,Walnut
85297,Gilbert
82401,Worland
47630-8485,Newburgh
30092-4302,Norcross
59101-2420,Billings
10546,Millwood
12901-2952,Plattsburgh
98815,Cashmere
75180-1621,Mesquite
55066,Red Wing
37204,Nashville
33127,Miami
23226,Richmond
30040,Cumming
45206,Cincinnati
4215,Southport
93907,Salinas
92620,irvine
19123,Philadelphia
19804,Wilmington
84101,Salt Lake City
BS5 0DA,Bristol
CB4 0DS,Cambridge
21017,Belcamp
08840,Metuchen
30041,Cumming
27235,Colfax
A91 V9VX,Dundalk
21078,Havre de Grace
03785,Woodsville
32204,Jacksonville
43351,Upper Sandusky
01949,Middleton
34996,Stuart
28001,Madrid
45209,Cincinnati
20904,Silver Spring
11218,Brooklyn
02379,West Bridgewater
40065,Shelbyville
WD26 3TJ,Elstree
04401,Bangor
19109,Philadelphia
43081,Westerville
11716,Bohemia
EC2M 1JJ,London
Office Address,301
M5H 3T9,Toronto
14895,Wellsville
33394,Fort Lauderdale
08901,New Brunswick
07452,Glen Rock
48301,Bloomfield Hills
48529,Burton
19702,Newark
94544,Hayward
04856-0583,Rockport
18360,Stroudsburg
EC1V 3RS,London
23832,Chesterfield
94114,San Francisco
75003,Paris
50851,Lenox
91602,North Hollywood
92804,Anaheim
95670-4344,Gold River
95449,Hopland
M8X 2X3,Toronto
07006-6510,Caldwell
77093,Houston
KT6 4JX,Surbiton
89030,North Las Vegas
UB82AL,Uxbridge
71301,Alexandria
95670,Rancho Cordova
PE29 6NP,Huntingdon
45030,Harrison
91733-4139,South El Monte
98124-4018,Seattle
92590,Temecula
81101,Alamosa
90254,Hermosa Beach
78401,Corpus Christi
95060,Santa Cruz
94704,Berkeley
94610,Oakland
28711,Black Mountain
20874,Germantown
95824,Sacramento
N2H 3W5,Kitchener
76182,Fort Worth
12180,Troy
28078,Huntersville
33162,Miami
23298,Richmond
37076,Nashville
60035,Highland Park
21208,Baltimore
94604,Oakland
60656,Chicago
98409,Tacoma
77004,Houston
44011,Avon
10603,White Plains
92111,San Diego
92606,Irvine
95746,Granite Bay
45601,Chillicothe
V2L 3L6,Prince George
34759,Poinciana
48197,Ypsilanti
86000,Centro Delegacional 6
08528-0615,New Jersey
20036-4104,Washington
37412,Chattanooga
56573,Perham
94536,Fremont
13502,Utica
91205 ,Glendale
87507,Santa Fe
75482,Sulphur Springs
21229,Baltimore
93449,Pismo Beach
99701,Fairbanks
19808,Wilmington
55744,Grand Rapids
42303,Owensboro
29671,Pickens
75013,Allen
53217,Milwaukee
682042,Kochi
90807,Long Beach
92877,Corona
75220,Dallas
84119,Salt Lake City
75035,Frisco
40229,Louisville
02125,Medford
28751,Maggie Valley
93313,Bakersfield
07869,Randolph
16804,State College
33708,Redington Shores
33971,Lehigh Acres
32258,Jacksonville
02720,Fall River
22408,Fredericksburg
15282,Pittsburgh
01453,Leominster
48348,Clarkston
24382,Wytheville
27360,Thomasville
92395,Victorville
77098,Houston
40211,Louisville
66102-5098,Kansas City
45772,Marl
24401,Staunton
90212-4303,Beverly Hills
EH12 9DQ,Edinburgh
37212,Nashville
38017,Collierville
22611,Berryville
WD6 3SY,Elstree
80405,Longmont
44145,Westlake
EC2M 7PY,London
V6B 0E4,Vancouver
42101,Bowling Green
87501,Santa Fe
39180-6199,Vicksburg
11550,Hempstead
36064,Pike Road
32608,Gainesville
73301,Austin
01583,West Boylston
L3M 4G1,Grimsby 
M1B2W1,Toronto
75060,Irving
17401,York
40207,Louisville
70001,Metairie
30360,Doraville
01604,Worcester
EC2A 1RS,London
19898,Wilmington
63109,Saint Louis
77043,Houston
38141,Memphis
80301-2152,Boulder
63124,St. Louis
19139,Philadelphia
14845,Horseheads
94928,Rohnert Park
19063-5149,Media
43222,COLUMBUS
37167,Smyrna
90701,Artesia
44120,Shaker Heights
11235,Brooklyn
08332,Millville
60040,Highwood
05770,Shoreham
48307,Rochester Hills
85301,Glendale
02559,Bourne
11704,Babylon
08812,Green Brook Township 
94401,San Mateo
200235,Shanghai 
19401,East Norriton Township
36024,Eclectic
80220,Denver
98225,Bellingham
77340,Huntsville
51503,Council Bluffs
66212,Overland Park
72703,Fayetteville
40601,Frankfort
55155-1899,Saint Paul
21061,Glen Burnie
29130,Ridgeway
52761,Muscatine
02494,Needham
42159,Oakland
75495,Van Alstyne
10165,New York
46324,Hammond
29407,Charleston
43223,Columbus
20903,Silver Spring
20010,Washington
34090,Montpellier
EC2V 6DL,Wood Street
34482,Ocala
40221,Düsseldorf
 07033,Kenilworth
59102,Billings
07070,Rutherford
11232,Brooklyn
63376,O'Fallon
54304,Green Bay
75149,Mesquite
540-8585,"Chuo-ku, Osaka"
EC2M 2EF,London
SW8 1RL,London
19041,Haverford
EC3V 9LJ,London
W6 8JA ,"London, UK"
32606,Gainesville
33315,Fort Lauderdale
27502,Apex
77058,Houston
94270,Le Kremlin-Bicêtre
R3H 1A6,Winnipeg
500003,Hyderabad
97031,Hood River
22305-3023,Alexandria
SE1 7,London
28405,Wilmington
83616,Eagle
M5X 2A2,Toronto
70801,Baton Rouge
98065,Snoqualmie
WC1H 9JR,London
80909,Colorado Springs
13601,Watertown
48089,Warren
32809,Orlando
33853,Lake Wales
NE6 3PL,Newcastle Upon Tyne
01702,FRAMINGHAM
08754,Toms River
02130,Boston
40536,Lexington
28134,Pineville
EC2R 8AJ,London
47404,Bloomington
73107,Oklahoma City
20202,Washington D.C.
20165,Sterling
SW1A 2AH,London
60005,Arlington Heights
12866,Saratoga Springs
44281,Wadsworth
48237,Oak Park
28031,Cornelius
33137,Miami
24016,Roanoke
22952,Lyndhurst
08638,Trenton
14623,Rochester
07921,Bedminster 
72701,Fayetteville
00100,Helsinki
14626,Rochester
12211,Albany
11249,Brooklyn
N1 7GU,London
20350,Washington
28173,Waxhaw
W1B 5FE,West End
14607,Rochester
63045,Earth City 
06105,Hartford
L5N 1V8,Mississauga
48211,Detroit
S7K 7G3,Saskatoon
25301,Charleston
35406,Tuscaloosa
81667,Munich
33313,Plantation
EC4Y 0DS,Temple
76036,Crowley
44113,Cleveland
58703,Minot
33067,Coral Springs
37923,Knoxville
55418,Minneapolis
82801,Sheridan
32960,Vero Beach
78052,Villingen-Schwenningen
61938,Mattoon
10549,Mount Kisco
85206,Mesa
72223,Little Rock
21701,Frederick
038987,Singapore
HM08,Hamilton
19002,Ambler
07726,Manalapan
07076,Scotch Plains
SO14 2AQ,Southampton
77807,Bryan
45036,Lebanon
D07R1HF,Dublin 7
37934,Knoxville
78757,Austin
32725,Deltona
4052,Basel
94805,Richmond
18466,Tobyhanna
78744,Austin
92075,Solana Beach
19111,Philadelphia
01069,Palmer
200001,Shanghai
110020,Delhi
82001 ,Cheyenne
91343,Chatsworth
6316,Abu Dhabi
560038,Bangalore
900091,KOLKATA
380052,Ahmedabad
210000,Nanjing
46307,Crown Point
11978,Westhampton Beach
600028,Chennai
11355,Flushing
510052,深圳市
BT28 3UF,Lisburn
018960,Singapore
20871,Clarksburg
91506,Burbank
380006,Ahmedabad
000000,Anywhere
518120,Shenzhen
KT22 7SG,Leatherhead
77084,Houston
98504,Olympia
39180,Vicksburg
59912,Columbia Falls
EC2M 7AD,London
92407-2393,San Bernardino
10027,New York
75241,Dallas
65409,Rolla
9000,Aalborg
28337,Elizabethtown
90405,Santa Monica
04240,Lewiston
95661,Roseville
28012,Belmont
33413,West Palm Beach
21737,Windsor Mill
07016,Cranford
33311,Oakland Park
19701,Bear
89103,Las Vegas
66603,Topeka
3004,Melbourne
6520,New Haven
85614,Green Valley
84112-9008,Salt Lake City
85040,Phoenix
60619,Chicago
18702,Wilkes-Barre
98168,Tukwila
49423,HOLLAND
77379,Spring
11413,LAURELTON
11735,Farmingdale
79925,El Paso
23225,Richmond
89521,Reno
72756,Rogers
76837,Eden
96740,Kailua-Kona
93263,Shafter
03038,Derry
08043,Voorhees
99204,Spokane
30909,Augusta
78412,Corpus Christi
19006,HUNTINGDON VALLEY
90814,Long Beach
91910,CHULA VISTA
92843,GARDEN GROVE
11368,Queens
07040,Maplewood
04005,BIDDEFORD
75965,Nacogdoches
07719,Wall
66209,Overland Park
91360,Thousand Oaks
33029,Pembroke Pines
79936,El Paso
66048,Leavenworth
08528,Kingston
21211,Baltimore
97034,Lake Oswego
38133,Bartlett
49112,EDWARDSBURG
54303,Green Bay
77338,Humble
58504,Bismarck
47713,Evansville
80104,Castle Rock
56560,Moorhead
45226,Cincinnati
80528,Fort Collins
44903,Mansfield
M5V 2Z2,Toronto
 91010,Duarte
55076,Inver Grove Heights
64109-3102,Kansas City
M5V 0K3,Toronto
93108,Santa Barbara
50263,Waukee
48503,Flint
53250,Bonn
23233,Henrico
45243,Cincinnati
33707,St. Petersburg
24153,Salem
74103-4334,Tulsa
40502,Lexington
70119,New Orleans
33702,St. Petersburg
90680,Stanton
93215,Delano
7418,Deventer
75783,Quitman
94123,San Francisco
84102,Salt Lake City
90731,San Pedro
77065,Houston
24083,Daleville
95655,Mather
94566,Pleasanton
90745,Carson
93105,Santa Barbara
93501,Mojave
90007,Los Angeles
03101,Manchester
92341,Green Valley Lake
92706,Santa Ana
91001,Altadena
4313,Sandnes
98684,Vancouver
91335,Reseda 
89501,Reno
 94401,San Mateo
WC1R 4LR,London
28821,Madrid
02888,Warwick 
93277,Visalia
60108,Bloomingdale
1630,Fort Bonifacio
EC3R 6HD,London
87544-0988,Los Alamos
49010,Allegan
48127,Detroit
91601,North Hollywood
86504,Fort Defiance
98353,Manchester
85289,Tempe
98126,Seattle
33166,Doral
11561,Long Beach
WC2N 6DU,London
T2E 8N4,Calgary
95209,Stockton
98057,Renton
WC1A 2SL,London
94130,San Francisco
94303,Palo Alto
60651,Chicago
33483,Delray Beach
95472,Sebastopol
93901,Salinas
85210,Mesa
90403-5622,Santa Monica
32344,Monticello
90278,Redondo Beach
52040,Dyersville
1101 BZ,Amsterdam
H3B 4N4,Montréal
89431,Sparks
98390,Sumner
97056,Scappoose
90755,Signal Hill
94117,San Francisco
85022,Phoenix
60091,Wilmette
33181,Miami
89523,Reno
M5J 1T1 ,Toronto
78234,JBSA (Fort Sam Houston)
53209-4408,Glendale
83854,Post Falls
29466,Mt. Pleasant
49341,Grand Rapids
97301,Salem
89511,Reno
W1J 5JN,London
NW1 0EY,London
W1D 3QR,London
14094,Lockport
30046,Lawrenceville
16830,Clearfield
23513,Norfolk
73034,Edmond
55427,Golden Valley
WI 53726-0271,Madison
34275,N. Venice
77573,League City 
43016,Dublin
73117,Oklahoma City
77038,Houston
M3W 1E6,Toronto
70806,Baton Rouge
73439,Kingston
36542,Gulf Shores
92220,Bagneux
28306,Hope Mills
20705,Beltsville 
96707,Kapolei
53172,South Milwaukee
42202,Nashik
20105,Aldie
33139,Miami Beach
32807,Winter Park
08690 ,Hamilton
95820,Sacramento
33324,Plantation
07730,Hazlet
73116,Oklahoma City
39531,Biloxi
17109,"Harrisburg, "
10004-1511,New York
60067,Palatine
78628,Georgetown
31763,Leesburg
20131,Milan
33912,Fort Myers
06320,New London
122001,Gurgaon
560045,BANGALORE
110065,DELHI
500049,HYDERABAD
02562,Boston
4035,Stavanger
35901,Gadsden
84004,Alpine
60007,Elk Grove Village
61821,Champaign
90277,Redondo Beach
19444,Lafayette Hill
35805,Huntsville
76711,Waco
65081,Tipton
40356,Nicholasville
80921,Colorado Springs
91706,Irwindale
99835,Sitka
90042,Los Angeles
94129,San Francisco
74115,Tulsa
01931,Gloucester
92930,Paris La Défense
BN3 1tn,Hove
91311,Chatsworth
60053,Morton Grove
95648,Lincoln
95758,Elk Grove
95818,Sacramento
94109,San Francisco
400602,Thane
11375,Newyork
63318,St. Louis
47906,West Lafayette
10960,Nyack
169 70,Stockholm
560027,Bangalore
11106,Astoria
560029,Bengaluru
90265,Malibu
61801,Urbana
02145,Somerville
55423,Richfield
95815,Sacramento
201304,Noida
89135,Las Vegas
33316,Fort Lauderdale
54729,Chippewa Falls
33304,Fort Lauderdale
75223,Dallas
33420,West Palm Beach
43201,Columbus
12831,Gansevoort
49515,Grand Rapids
73131,Oklahoma City
38016,Cordova
03071,New Ipswich
55118,West St. Paul
EC1V 2NX,LONDON
48150,Livonia
37211,Nashville
 33016,Miami Lakes
60659,Chicago
55082-0285,Stillwater
74105,Tulsa
05739,Danby
63104,Saint Louis
EC2M 3TQ,London
37660,Kingsport
20071,Washington
29203,Columbia
74136,Tulsa
38654,Memphis
06880,Westport
41011,Covington
18935,Milford Township
83340,Ketchum
EC4M 7AW,London
61604,Peoria
38111,Memphis
01902,Lynn
21090,Linthicum Heights
87109,Albuquerque
43026,Columbus
77568,La Marque
53118,Dousman
10105,New York
43215-3661,COLUMBUS
10967,Berlin
91436,Encino
94558,Napa
60174,St Charles
04074,Scarborough
43035,Lewis Center
89052,Henderson
 10016,New York 
10032,New York
32824,Orlando
89502,Reno
34711,Clermont
08028,Glassboro
RG1 1LX,Reading
02339,Hanover
64057,Independence
75261,Dallas
49424,Holland
28164,Stanley
77477,Stafford
30075,Roswell
98036,Lynnwood
45056,Oxford
80469,München
97070,Wilsonville
85353,Tolleson
91402,Panorama City
60615,Chicago
30066,Marietta
29684,Starr
29425,Charleston
30067,Marietta
33426,Boynton Beach
08,Pembroke
EC4N 7AR,London
71111,Bossier City
48228,Detroit
02747,North Dartmouth
57106,Sioux Falls
77833,Brenham
43017-3305,"Dublin, OH"
94061,Redwood City
34950,Fort Pierce
29455,Seabrook Island
29591,Scranton
93010,Camarillo
92376,Rialto
36203,Oxford
32206,Jacksonville
60026,Glenview
36207,Anniston
06333,East Lyme
21209,Baltimore
75033,Frisco
46290,Carmel
27106,Winston Salem
34972,Okeechobee
18969,Telford
79424,Lubbock
52732,Clinton
98372,Puyallup
M2J 4Z2,North York
75243,Dallas
29926,Hilton Head Island
52245,Iowa City
80829,Manitou Springs
77049,Houston
23435,Suffolk
48167,Northville
10455,Bronx
98155,Shoreline
90302,Los Angeles 
98020,Edmonds
55812,Duluth
53538,Fort Atkinson
98606,Brush Prairie
33432,Boca Raton
37604,Johnson City
60516,Downers Grove
37075,Hendersonville
18372,Tannersville
60525,Hodgkins
48189,Livonia
63129,St Louis
06470,Newtown
60642,Chicago
32822,Orlando
29306,Spartanburg
80403,Golden
17061,Millersburg
33470,Loxahatchee
33462,Atlantis
15116,Glenshaw
33870,Sebring
63026,Fenton
06479,Plantsville
21601,Easton
07503,Paterson
60118,East Dundee
44273,Seville 
M9W5R2,Etobicoke
46772,Monroe
44446,Niles
06524,Bethany
1017XD,Amsterdam
75093 ,Plano
40206,Louisville
22101,McLean
77386,Spring
89120,Las Vegas
39232,Flowood
31501,Waycross
W1T 3NW,London
44012,Avon Lake
104-0045,中央区
560066,Bangalore
87505,Santa Fe
85259,Scottsdale
15102,Bethel Park
32724,DeLand
L5N 6J1,Mississauga
46368,Portage
N2H 6P4,Kitchener
27332,Sanford
01904,Lynn
2312,Miami
32304,Tallahassee
92647,Huntington Beach
82007,Cheyenne
33543,Wesly Chapel
90068,Los Angeles
85257,Scottsdale
44481,Warren
34684,Palm Harbor
100-0004,Chiyoda-ku
60564,Naperville
27537,Henderson
21801,Salisbury
63359,New Hartford
W1C 2HA,London
068555,Norwalk
47918,ATTICA
37205,Nashville
70503,Lafayette
60192,Hoffman Estates
19810,Wilmington
94115,San Francisco
82609,Casper
60176,Schiller Park
85207,Mesa
TW5 0BY,London
30062,Marietta
17501,Akron
20886,Montgomery Village
21206,Baltimore
600017,Chennai
06518,Hamden
17101,Harrisburg
92517,Riverside
98506,Olympia
75116,Paris
11040,Manhasset Hills
92692,Mission Viejo
89104,Las Vegas
17202,Chambersburg
59457,Lewistown
33760,Clearwater
18600,Praha 8
62002,Alton
92832,Fullerton
46552,New Carlisle
48124,Dearborn
36526,Daphne
28734,Franklin
11797,Woodbury
742-0422,Iwakuni
70122,New Orleans
97477,Springfield
34110,Naples
55362,Monticello
49519,Wyoming
11211,Brooklyn
20016,Washington
11214, Brooklyn
94127,San Francisco
68138,Omaha
EC3R 6AF,London
94507,Alamo
02142 ,Boston
23451,Virginia Beach
85267,Scottsdale
411038,Pune
10459,Bronx
49442,Muskegon
92677,Laguna Niguel
28358,Santa Clarita
21795,Williamsport
97008,Beaverton
91750,La Verne
91914,Chula Vista
61614,Peoria
10606,White Plains
38305,Jackson
21093,Timonium
99603,Homer
33755,Clearwater
33801,Lakeland
34471,Ocala
32055,Lake City
33511,Brandon
32605,Gainesville
33770,Largo
75252,Dallas
33176,Miami 
32839,Orlando
75077,Copper Canyon
56310,Avon
48316,Shelby Township
68137,OMAHA
32779,LONGWOOD
07012,Clifton
89169,Las Vegas
 33328,Davie 
55902,Rochester
40241,Louisville
12054,Delmar
21704,Frederick
44138,Olmsted Falls
32714,Orlando
14614,Rochester
27834,Greenville
S4X 3X4,Regina
64804,Joplin
55720,Cloquet
37013,Nashville
30534,Dawsonville
18901,Jamison
32804,Orlando
33018,Hialeah
1083 HK,Amsterdam
85381,Peoria
NY 10022,New York
54476,Weston
59718,Bozeman
11354,Flushing 
27858,Greenville
11228,Brooklyn
63112,St Louis
33611,Tampa
73013,Edmond
28792,Hendersonville
28052,Gastonia
28466,Wallace
98273,Mount Vernon
78232,San Antonio
77406,Richmond
1290,Geneva
45011,Hamilton
60139,Glendale Heights
21113,Odenton
26508,Morgantown
54452,Merrill
41013,Sevilla
36093,Montgomery
89148,Las Vegas
74055,Owasso
95448,Healdsburg
10314,Staten Island
390007,Vadodara
19446,Lansdale
53142,Kenosha
91731,El Monte
47802,Terre Haute
07849,Lake Hopatcong
07647,Northvale
79706,Midland
90006,Los Angeles
31421,Savannah
30345,Atlanta
23059,Glen Allen
75935,Austin
84058,Orem
33496,Boca Raton
​95811,​Sacramento
30566,Oakwood
30331,Atlanta
57154,Solo
60014,Lake in the Hills
78230,San Antonio
45042,Middletown
85713,Tucson
90241,Downey
55415,Minneapolis
91006,Arcadia
68135,Omaha
21015,Bel Air
97266,Portland
34102,Naples
66223,Overland Park
67301,Independence
90044,Los Angeles
55432,Minneapolis
92211,Palm Desert
01905,Lynn
H2Z 1Z3,Montreal
73132,Oklahoma City
98661,Vancouver
70422,Amite
44685,Uniontown
EC3N 1LS,London
31768,Moultrie
76118,Fort Worth
07043,Montclair
44675,Sherrodsville
53549,Jefferson
 60601,Chicago
01901,Lynn
 78664, Round Rock
77301,Conroe
18014,Bath
89408,Reno
66030-0007,Gardner
95154,San Jose
94015,Daly City
14208,Buffalo
92509,Jurupa Valley
91730,Rancho Cucamonga
23113,Midlothian
37201,Nashville
1107,Ciudad Autónoma de Buenos Aires
34237,Sarasota
75126,Forney
68949,Holdrege
98424,Fife
85213,Mesa
19802,Wilmington
33155,Miami
31407,Savannah
34639,Tampa
71107,Shreveport
26807,Franklin
14210,Buffalo
90065,Los Angeles
20715,Bowie
02062,Norwood
53207,Milwaukee
34982,Fort Pierce
 10001,New York
84120,West Valley City
PA,Philadelphia
16802-1589,University Park
95687,Vacaville
J7R 5R5,Saint-Eustache
33062,Pompano Beach
37130,Murfreesboro
FL 34951,Fort Pierce
